date,ticker,asset_id,adj_open,adj_close,volume
2023-07-03,AAPL,AAPL,191.46,190.15,31458200
2023-07-05,AAPL,AAPL,189.27,189.04,46920300
2023-07-06,AAPL,AAPL,187.56,189.51,45094300
2023-07-07,AAPL,AAPL,189.11,188.39,46815000
2023-07-10,AAPL,AAPL,186.99,186.35,59922200
2023-07-11,AAPL,AAPL,186.89,185.82,46638100
2023-07-12,AAPL,AAPL,187.41,187.49,60750200
2023-07-13,AAPL,AAPL,188.22,188.25,41342300
2023-07-14,AAPL,AAPL,187.95,188.4,41616200
2023-07-17,AAPL,AAPL,189.6,191.66,50520200
2023-07-18,AAPL,AAPL,191.03,191.41,48288200
2023-07-19,AAPL,AAPL,190.78,192.76,80507300
2023-07-20,AAPL,AAPL,192.75,190.81,59581200
2023-07-21,AAPL,AAPL,191.77,189.64,71951700
2023-07-24,AAPL,AAPL,191.09,190.44,45377800
2023-07-25,AAPL,AAPL,191.01,191.3,37283200
2023-07-26,AAPL,AAPL,191.35,192.17,47471900
2023-07-27,AAPL,AAPL,193.67,190.9,47460200
2023-07-28,AAPL,AAPL,192.34,193.48,48291400
2023-07-31,AAPL,AAPL,193.71,194.09,38824100
2023-08-01,AAPL,AAPL,193.89,193.26,35175100
2023-08-02,AAPL,AAPL,192.7,190.27,50389300
2023-08-03,AAPL,AAPL,189.27,188.88,61235200
2023-08-04,AAPL,AAPL,183.3,179.81,115956800
2023-08-07,AAPL,AAPL,179.95,176.71,97576100
2023-08-08,AAPL,AAPL,177.53,177.64,67823000
2023-08-09,AAPL,AAPL,178.7,176.05,60378500
2023-08-10,AAPL,AAPL,177.33,175.84,54686900
2023-08-11,AAPL,AAPL,175.43,175.89,52036700
2023-08-14,AAPL,AAPL,176.07,177.55,43675600
2023-08-15,AAPL,AAPL,176.97,175.56,43622600
2023-08-16,AAPL,AAPL,175.24,174.69,46964900
2023-08-17,AAPL,AAPL,175.25,172.15,66062900
2023-08-18,AAPL,AAPL,170.46,172.63,61172200
2023-08-21,AAPL,AAPL,173.2,173.97,46311900
2023-08-22,AAPL,AAPL,175.17,175.34,42038900
2023-08-23,AAPL,AAPL,176.62,179.19,52722800
2023-08-24,AAPL,AAPL,178.74,174.5,54945800
2023-08-25,AAPL,AAPL,175.49,176.71,51449600
2023-08-28,AAPL,AAPL,178.17,178.27,43820700
2023-08-29,AAPL,AAPL,177.78,182.16,53003900
2023-08-30,AAPL,AAPL,182.97,185.65,60813900
2023-08-31,AAPL,AAPL,185.84,185.87,60794500
2023-09-01,AAPL,AAPL,187.47,187.44,45766500
2023-09-05,AAPL,AAPL,186.27,187.68,45280000
2023-09-06,AAPL,AAPL,186.39,180.96,81755800
2023-09-07,AAPL,AAPL,173.31,175.67,112488800
2023-09-08,AAPL,AAPL,176.45,176.28,65551300
2023-09-11,AAPL,AAPL,178.15,177.45,58953100
2023-09-12,AAPL,AAPL,177.58,174.42,90370200
2023-09-13,AAPL,AAPL,174.63,172.35,84267900
2023-09-14,AAPL,AAPL,172.15,173.87,60895800
2023-09-15,AAPL,AAPL,174.6,173.14,109259500
2023-09-18,AAPL,AAPL,174.6,176.07,67257600
2023-09-19,AAPL,AAPL,175.63,177.16,51826900
2023-09-20,AAPL,AAPL,177.35,173.62,58436200
2023-09-21,AAPL,AAPL,172.69,172.08,63149100
2023-09-22,AAPL,AAPL,172.81,172.93,56725400
2023-09-25,AAPL,AAPL,172.34,174.2,46172700
2023-09-26,AAPL,AAPL,172.96,170.13,64588900
2023-09-27,AAPL,AAPL,170.78,168.61,66921800
2023-09-28,AAPL,AAPL,167.54,168.87,56294400
2023-09-29,AAPL,AAPL,170.19,169.39,51861100
2023-10-02,AAPL,AAPL,169.39,171.9,52164500
2023-10-03,AAPL,AAPL,170.42,170.56,49594600
2023-10-04,AAPL,AAPL,169.27,171.81,53020300
2023-10-05,AAPL,AAPL,171.94,173.05,48527900
2023-10-06,AAPL,AAPL,171.95,175.6,57266700
2023-10-09,AAPL,AAPL,174.93,177.08,42390800
2023-10-10,AAPL,AAPL,176.2,176.49,43698000
2023-10-11,AAPL,AAPL,176.3,177.88,47551100
2023-10-12,AAPL,AAPL,178.15,178.78,56743100
2023-10-13,AAPL,AAPL,179.49,176.94,51427100
2023-10-16,AAPL,AAPL,174.87,176.82,52517000
2023-10-17,AAPL,AAPL,174.77,175.26,57549400
2023-10-18,AAPL,AAPL,173.71,173.97,54764400
2023-10-19,AAPL,AAPL,174.16,173.59,59302900
2023-10-20,AAPL,AAPL,173.44,171.04,64244000
2023-10-23,AAPL,AAPL,169.09,171.16,55980100
2023-10-24,AAPL,AAPL,171.21,171.59,43816600
2023-10-25,AAPL,AAPL,170.05,169.28,57157000
2023-10-26,AAPL,AAPL,168.55,165.11,70625300
2023-10-27,AAPL,AAPL,165.13,166.43,58499100
2023-10-30,AAPL,AAPL,167.22,168.47,51131000
2023-10-31,AAPL,AAPL,167.54,168.95,44846000
2023-11-01,AAPL,AAPL,169.18,172.12,56934900
2023-11-02,AAPL,AAPL,173.65,175.68,77334800
2023-11-03,AAPL,AAPL,172.38,174.77,79829200
2023-11-06,AAPL,AAPL,174.5,177.32,63841300
2023-11-07,AAPL,AAPL,177.27,179.88,70530000
2023-11-08,AAPL,AAPL,180.41,180.94,49340300
2023-11-09,AAPL,AAPL,181.01,180.47,53763500
2023-11-10,AAPL,AAPL,182.25,184.66,66133400
2023-11-13,AAPL,AAPL,184.08,183.07,43627500
2023-11-14,AAPL,AAPL,185.94,185.69,60108400
2023-11-15,AAPL,AAPL,186.09,186.25,53790500
2023-11-16,AAPL,AAPL,187.8,187.94,54412900
2023-11-17,AAPL,AAPL,188.47,187.92,50922700
2023-11-20,AAPL,AAPL,188.11,189.66,46505100
2023-11-21,AAPL,AAPL,189.62,188.86,38134500
2023-11-22,AAPL,AAPL,189.7,189.52,39617700
2023-11-24,AAPL,AAPL,189.08,188.19,24048300
2023-11-27,AAPL,AAPL,188.14,188.01,40552600
2023-11-28,AAPL,AAPL,188.0,188.62,38415400
2023-11-29,AAPL,AAPL,189.11,187.6,43014200
2023-11-30,AAPL,AAPL,188.06,188.17,48794400
2023-12-01,AAPL,AAPL,188.55,189.45,45704800
2023-12-04,AAPL,AAPL,188.2,187.66,43389500
2023-12-05,AAPL,AAPL,188.43,191.61,66628400
2023-12-06,AAPL,AAPL,192.63,190.52,41089700
2023-12-07,AAPL,AAPL,191.82,192.45,47477700
2023-12-08,AAPL,AAPL,192.38,193.88,53406400
2023-12-11,AAPL,AAPL,191.3,191.37,60943700
2023-12-12,AAPL,AAPL,191.27,192.89,52696900
2023-12-13,AAPL,AAPL,193.26,196.11,70404200
2023-12-14,AAPL,AAPL,196.17,196.26,66831600
2023-12-15,AAPL,AAPL,195.68,195.72,128538400
2023-12-18,AAPL,AAPL,194.26,194.06,55751900
2023-12-19,AAPL,AAPL,194.32,195.1,40714100
2023-12-20,AAPL,AAPL,195.06,193.01,52242800
2023-12-21,AAPL,AAPL,194.27,192.86,46482500
2023-12-22,AAPL,AAPL,193.35,191.79,37149600
2023-12-26,AAPL,AAPL,191.8,191.24,28919300
2023-12-27,AAPL,AAPL,190.69,191.34,48087700
2023-12-28,AAPL,AAPL,192.32,191.77,34049900
2023-12-29,AAPL,AAPL,192.09,190.73,42672100
2024-01-02,AAPL,AAPL,185.4,183.9,82488700
2024-01-03,AAPL,AAPL,182.5,182.53,58414500
2024-01-04,AAPL,AAPL,180.45,180.21,71983600
2024-01-05,AAPL,AAPL,180.29,179.48,62379700
2024-01-08,AAPL,AAPL,180.39,183.82,59144500
2024-01-09,AAPL,AAPL,182.2,183.41,42841800
2024-01-10,AAPL,AAPL,182.63,184.45,46792900
2024-01-11,AAPL,AAPL,184.79,183.85,49128400
2024-01-12,AAPL,AAPL,184.32,184.18,40477800
2024-01-16,AAPL,AAPL,180.46,181.91,65603000
2024-01-17,AAPL,AAPL,179.57,180.97,47317400
2024-01-18,AAPL,AAPL,184.35,186.87,78005800
2024-01-19,AAPL,AAPL,187.56,189.77,68903000
2024-01-22,AAPL,AAPL,190.5,192.08,60133900
2024-01-23,AAPL,AAPL,193.2,193.35,42355600
2024-01-24,AAPL,AAPL,193.59,192.68,53631300
2024-01-25,AAPL,AAPL,193.39,192.35,54822100
2024-01-26,AAPL,AAPL,192.45,190.62,44594000
2024-01-29,AAPL,AAPL,190.21,189.94,47145600
2024-01-30,AAPL,AAPL,189.15,186.28,55859400
2024-01-31,AAPL,AAPL,185.29,182.67,55467800
2024-02-01,AAPL,AAPL,182.27,185.11,64885400
2024-02-02,AAPL,AAPL,178.18,184.11,102551700
2024-02-05,AAPL,AAPL,186.39,185.92,69668800
2024-02-06,AAPL,AAPL,185.11,187.53,43490800
2024-02-07,AAPL,AAPL,188.86,187.64,53439000
2024-02-08,AAPL,AAPL,187.62,186.56,40962000
2024-02-09,AAPL,AAPL,187.12,187.32,45155200
2024-02-12,AAPL,AAPL,186.9,185.64,41781900
2024-02-13,AAPL,AAPL,184.27,183.54,56529500
2024-02-14,AAPL,AAPL,183.82,182.66,54630500
2024-02-15,AAPL,AAPL,182.06,182.37,65434500
2024-02-16,AAPL,AAPL,181.94,180.83,49752500
2024-02-20,AAPL,AAPL,180.32,180.09,53665600
2024-02-21,AAPL,AAPL,180.47,180.84,41371400
2024-02-22,AAPL,AAPL,182.0,182.88,52292200
2024-02-23,AAPL,AAPL,183.51,181.04,45119700
2024-02-26,AAPL,AAPL,180.77,179.69,40867400
2024-02-27,AAPL,AAPL,179.63,181.15,54318900
2024-02-28,AAPL,AAPL,181.03,179.95,48953900
2024-02-29,AAPL,AAPL,179.8,179.29,136682600
2024-03-01,AAPL,AAPL,178.1,178.21,73563100
2024-03-04,AAPL,AAPL,174.72,173.68,81510100
2024-03-05,AAPL,AAPL,169.38,168.74,95132400
2024-03-06,AAPL,AAPL,169.68,167.75,68587700
2024-03-07,AAPL,AAPL,167.78,167.63,71765100
2024-03-08,AAPL,AAPL,167.63,169.35,76267000
2024-03-11,AAPL,AAPL,171.54,171.35,60139500
2024-03-12,AAPL,AAPL,171.75,171.83,59825400
2024-03-13,AAPL,AAPL,171.37,169.75,52488700
2024-03-14,AAPL,AAPL,171.51,171.6,72913500
2024-03-15,AAPL,AAPL,169.78,171.22,121752700
2024-03-18,AAPL,AAPL,174.15,172.31,75604200
2024-03-19,AAPL,AAPL,172.93,174.66,55215200
2024-03-20,AAPL,AAPL,174.3,177.22,53423100
2024-03-21,AAPL,AAPL,175.62,169.98,106181300
2024-03-22,AAPL,AAPL,170.37,170.89,71160100
2024-03-25,AAPL,AAPL,169.19,169.47,54288300
2024-03-26,AAPL,AAPL,168.62,168.34,57388400
2024-03-27,AAPL,AAPL,169.03,171.91,60273300
2024-03-28,AAPL,AAPL,170.36,170.09,65672700
2024-04-01,AAPL,AAPL,169.8,168.65,46240500
2024-04-02,AAPL,AAPL,167.71,167.47,49329500
2024-04-03,AAPL,AAPL,167.42,168.28,47691700
2024-04-04,AAPL,AAPL,168.91,167.45,53704400
2024-04-05,AAPL,AAPL,168.22,168.21,42104800
2024-04-08,AAPL,AAPL,167.66,167.09,37425500
2024-04-09,AAPL,AAPL,167.33,168.3,42373800
2024-04-10,AAPL,AAPL,167.43,166.42,49709300
2024-04-11,AAPL,AAPL,166.98,173.62,91070300
2024-04-12,AAPL,AAPL,172.85,175.12,101670900
2024-04-15,AAPL,AAPL,173.94,171.29,73531800
2024-04-16,AAPL,AAPL,170.36,168.01,73711200
2024-04-17,AAPL,AAPL,168.24,166.64,50901200
2024-04-18,AAPL,AAPL,166.67,165.69,43122900
2024-04-19,AAPL,AAPL,164.87,163.66,68149400
2024-04-22,AAPL,AAPL,164.18,164.5,48116400
2024-04-23,AAPL,AAPL,164.01,165.55,49537800
2024-04-24,AAPL,AAPL,165.19,167.65,48251800
2024-04-25,AAPL,AAPL,168.16,168.52,50558300
2024-04-26,AAPL,AAPL,168.51,167.93,44838400
2024-04-29,AAPL,AAPL,171.97,172.1,68169400
2024-04-30,AAPL,AAPL,171.93,168.95,65934800
2024-05-01,AAPL,AAPL,168.21,167.93,50383100
2024-05-02,AAPL,AAPL,171.11,171.63,94214900
2024-05-03,AAPL,AAPL,185.14,181.9,163224100
2024-05-06,AAPL,AAPL,180.87,180.24,78569700
2024-05-07,AAPL,AAPL,181.97,180.92,77305800
2024-05-08,AAPL,AAPL,181.37,181.26,45057100
2024-05-09,AAPL,AAPL,181.08,183.08,48983000
2024-05-10,AAPL,AAPL,183.65,181.82,50759500
2024-05-13,AAPL,AAPL,184.19,185.02,72044800
2024-05-14,AAPL,AAPL,186.25,186.17,52393600
2024-05-15,AAPL,AAPL,186.64,188.44,70400000
2024-05-16,AAPL,AAPL,189.19,188.56,52845200
2024-05-17,AAPL,AAPL,188.23,188.59,41282900
2024-05-20,AAPL,AAPL,188.05,189.75,44361300
2024-05-21,AAPL,AAPL,189.8,191.05,42309400
2024-05-22,AAPL,AAPL,190.97,189.61,34648500
2024-05-23,AAPL,AAPL,189.69,185.62,51005900
2024-05-24,AAPL,AAPL,187.55,188.7,36327000
2024-05-28,AAPL,AAPL,190.22,188.71,52280100
2024-05-29,AAPL,AAPL,188.33,189.01,53068000
2024-05-30,AAPL,AAPL,189.47,190.0,49889100
2024-05-31,AAPL,AAPL,190.15,190.95,75158300
2024-06-03,AAPL,AAPL,191.6,192.72,50080500
2024-06-04,AAPL,AAPL,193.33,193.04,47471400
2024-06-05,AAPL,AAPL,194.08,194.55,54156800
2024-06-06,AAPL,AAPL,194.37,193.17,41181800
2024-06-07,AAPL,AAPL,193.34,195.56,53103900
2024-06-10,AAPL,AAPL,195.57,191.82,97010200
2024-06-11,AAPL,AAPL,192.34,205.75,172373300
2024-06-12,AAPL,AAPL,205.97,211.63,198134300
2024-06-13,AAPL,AAPL,213.29,212.79,97862700
2024-06-14,AAPL,AAPL,212.41,211.06,70122700
2024-06-17,AAPL,AAPL,211.93,215.21,93728300
2024-06-18,AAPL,AAPL,216.12,212.84,79943300
2024-06-20,AAPL,AAPL,212.49,208.27,86172500
2024-06-21,AAPL,AAPL,208.97,206.09,241805100
2024-06-24,AAPL,AAPL,206.32,206.74,80727000
2024-06-25,AAPL,AAPL,207.74,207.66,55549700
2024-06-26,AAPL,AAPL,210.07,211.81,66213200
2024-06-27,AAPL,AAPL,213.24,212.66,49772700
2024-06-28,AAPL,AAPL,214.31,209.2,82542700
2024-07-01,AAPL,AAPL,210.66,215.29,60402900
2024-07-02,AAPL,AAPL,214.69,218.78,58046200
2024-07-03,AAPL,AAPL,218.52,220.06,37369800
2024-07-05,AAPL,AAPL,220.15,224.81,60412400
2024-07-08,AAPL,AAPL,225.56,226.28,59085900
2024-07-09,AAPL,AAPL,226.39,227.14,48076100
2024-07-10,AAPL,AAPL,227.75,231.41,62627700
2024-07-11,AAPL,AAPL,229.83,226.03,64710600
2024-07-12,AAPL,AAPL,227.38,228.98,53046500
2024-07-15,AAPL,AAPL,234.88,232.82,62631300
2024-07-16,AAPL,AAPL,233.41,233.24,43234300
2024-07-17,AAPL,AAPL,227.9,227.34,57345900
2024-07-18,AAPL,AAPL,228.73,222.67,66034600
2024-07-19,AAPL,AAPL,223.3,222.8,49151500
2024-07-22,AAPL,AAPL,225.48,222.45,48201800
2024-07-23,AAPL,AAPL,222.86,223.49,39960300
2024-07-24,AAPL,AAPL,222.49,217.07,61777600
2024-07-25,AAPL,AAPL,217.45,216.02,51391200
2024-07-26,AAPL,AAPL,217.22,216.49,41601300
2024-07-29,AAPL,AAPL,215.5,216.77,36311800
2024-07-30,AAPL,AAPL,217.71,217.32,41643800
2024-07-31,AAPL,AAPL,219.95,220.58,50036300
2024-08-01,AAPL,AAPL,222.86,216.89,62501000
2024-08-02,AAPL,AAPL,217.67,218.38,105568600
2024-08-05,AAPL,AAPL,197.75,207.86,119548600
2024-08-06,AAPL,AAPL,203.92,205.83,69660500
2024-08-07,AAPL,AAPL,205.5,208.4,63516400
2024-08-08,AAPL,AAPL,211.67,211.87,47161100
2024-08-09,AAPL,AAPL,210.67,214.78,42201600
2024-08-12,AAPL,AAPL,214.86,216.31,38028100
2024-08-13,AAPL,AAPL,217.78,220.03,44155300
2024-08-14,AAPL,AAPL,219.34,220.48,41960600
2024-08-15,AAPL,AAPL,223.34,223.46,46414000
2024-08-16,AAPL,AAPL,222.67,224.78,44340200
2024-08-19,AAPL,AAPL,224.46,224.63,40687800
2024-08-20,AAPL,AAPL,224.51,225.24,30299000
2024-08-21,AAPL,AAPL,225.25,225.13,34765500
2024-08-22,AAPL,AAPL,226.52,223.27,43695300
2024-08-23,AAPL,AAPL,224.4,225.57,38677300
2024-08-26,AAPL,AAPL,225.49,225.91,30602200
2024-08-27,AAPL,AAPL,224.74,226.75,35934600
2024-08-28,AAPL,AAPL,226.64,225.22,38052200
2024-08-29,AAPL,AAPL,228.81,228.5,51906300
2024-08-30,AAPL,AAPL,228.9,227.72,52990800
2024-09-03,AAPL,AAPL,227.27,221.52,50190600
2024-09-04,AAPL,AAPL,220.42,219.61,43840200
2024-09-05,AAPL,AAPL,220.39,221.14,36615400
2024-09-06,AAPL,AAPL,222.7,219.58,48423000
2024-09-09,AAPL,AAPL,219.58,219.67,67180000
2024-09-10,AAPL,AAPL,217.69,218.88,51591000
2024-09-11,AAPL,AAPL,220.22,221.41,44587100
2024-09-12,AAPL,AAPL,221.25,221.52,37455600
2024-09-13,AAPL,AAPL,222.33,221.25,36766600
2024-09-16,AAPL,AAPL,215.33,215.11,59357400
2024-09-17,AAPL,AAPL,214.54,215.58,45519300
2024-09-18,AAPL,AAPL,216.33,219.45,59894900
2024-09-19,AAPL,AAPL,223.73,227.59,66781300
2024-09-20,AAPL,AAPL,228.68,226.92,318679900
2024-09-23,AAPL,AAPL,226.07,225.2,54146000
2024-09-24,AAPL,AAPL,227.37,226.1,43556100
2024-09-25,AAPL,AAPL,223.67,225.1,42308700
2024-09-26,AAPL,AAPL,226.03,226.25,36636700
2024-09-27,AAPL,AAPL,227.18,226.52,34026000
2024-09-30,AAPL,AAPL,228.75,231.7,54541900
2024-10-01,AAPL,AAPL,228.24,224.94,63285000
2024-10-02,AAPL,AAPL,224.63,225.51,32880600
2024-10-03,AAPL,AAPL,223.88,224.41,34044200
2024-10-04,AAPL,AAPL,226.62,225.53,37245100
2024-10-07,AAPL,AAPL,223.24,220.45,39505400
2024-10-08,AAPL,AAPL,223.04,224.51,31855700
2024-10-09,AAPL,AAPL,223.97,228.26,33591100
2024-10-10,AAPL,AAPL,226.51,227.76,28183500
2024-10-11,AAPL,AAPL,228.02,226.28,31759200
2024-10-14,AAPL,AAPL,227.42,230.01,39882100
2024-10-15,AAPL,AAPL,232.3,232.54,64751400
2024-10-16,AAPL,AAPL,230.3,230.48,34082200
2024-10-17,AAPL,AAPL,232.12,230.85,32993800
2024-10-18,AAPL,AAPL,234.86,233.68,46431500
2024-10-21,AAPL,AAPL,233.14,235.16,36254500
2024-10-22,AAPL,AAPL,232.58,234.54,38846600
2024-10-23,AAPL,AAPL,232.77,229.47,52287000
2024-10-24,AAPL,AAPL,228.69,229.28,31109500
2024-10-25,AAPL,AAPL,228.45,230.11,38802300
2024-10-28,AAPL,AAPL,232.01,232.09,36087100
2024-10-29,AAPL,AAPL,231.8,232.36,35417200
2024-10-30,AAPL,AAPL,231.31,228.81,47070900
2024-10-31,AAPL,AAPL,228.06,224.65,64370100
2024-11-01,AAPL,AAPL,219.73,221.66,65276700
2024-11-04,AAPL,AAPL,219.75,220.77,44944500
2024-11-05,AAPL,AAPL,220.56,222.2,28111300
2024-11-06,AAPL,AAPL,221.36,221.47,54561100
2024-11-07,AAPL,AAPL,223.37,226.21,42137700
2024-11-08,AAPL,AAPL,226.15,225.94,38328800
2024-11-11,AAPL,AAPL,223.99,223.22,42005600
2024-11-12,AAPL,AAPL,223.54,223.22,40398300
2024-11-13,AAPL,AAPL,223.0,224.11,48566200
2024-11-14,AAPL,AAPL,224.01,227.19,44923900
2024-11-15,AAPL,AAPL,225.38,223.99,47923700
2024-11-18,AAPL,AAPL,224.24,226.99,44633700
2024-11-19,AAPL,AAPL,225.96,227.25,36211800
2024-11-20,AAPL,AAPL,227.03,227.97,35169600
2024-11-21,AAPL,AAPL,227.85,227.49,42108300
2024-11-22,AAPL,AAPL,227.03,228.84,38168300
2024-11-25,AAPL,AAPL,230.42,231.82,90152800
2024-11-26,AAPL,AAPL,232.28,234.0,45986200
2024-11-27,AAPL,AAPL,233.41,233.87,33498400
2024-11-29,AAPL,AAPL,233.75,236.26,28481400
2024-12-02,AAPL,AAPL,236.2,238.51,48137100
2024-12-03,AAPL,AAPL,238.73,241.56,38861000
2024-12-04,AAPL,AAPL,241.78,241.92,44383900
2024-12-05,AAPL,AAPL,242.89,241.95,40033900
2024-12-06,AAPL,AAPL,241.82,241.75,36870600
2024-12-09,AAPL,AAPL,240.74,245.64,44649200
2024-12-10,AAPL,AAPL,245.78,246.65,36914800
2024-12-11,AAPL,AAPL,246.84,245.38,45205800
2024-12-12,AAPL,AAPL,245.78,246.84,32777500
2024-12-13,AAPL,AAPL,246.7,247.01,33155300
2024-12-16,AAPL,AAPL,246.87,249.91,51694800
2024-12-17,AAPL,AAPL,248.95,252.34,51356400
2024-12-18,AAPL,AAPL,251.02,246.93,56774100
2024-12-19,AAPL,AAPL,246.39,248.67,60882300
2024-12-20,AAPL,AAPL,246.92,253.34,147495300
2024-12-23,AAPL,AAPL,253.62,254.12,40858800
2024-12-24,AAPL,AAPL,254.34,257.04,23234700
2024-12-26,AAPL,AAPL,257.03,257.85,27237100
2024-12-27,AAPL,AAPL,256.67,254.44,42355300
2024-12-30,AAPL,AAPL,251.09,251.06,35557500
2024-12-31,AAPL,AAPL,251.3,249.29,39480700
2025-01-02,AAPL,AAPL,247.81,242.75,55740700
2025-01-03,AAPL,AAPL,242.26,242.26,40244100
2025-01-06,AAPL,AAPL,243.21,243.9,45045600
2025-01-07,AAPL,AAPL,241.89,241.12,40856000
2025-01-08,AAPL,AAPL,240.83,241.61,37628900
2025-01-10,AAPL,AAPL,238.93,235.78,61710900
2025-01-13,AAPL,AAPL,232.48,233.34,49630700
2025-01-14,AAPL,AAPL,233.69,232.23,39435300
2025-01-15,AAPL,AAPL,233.58,236.8,39832000
2025-01-16,AAPL,AAPL,236.28,227.23,71759100
2025-01-17,AAPL,AAPL,231.07,228.94,68488300
2025-01-21,AAPL,AAPL,222.99,221.64,98070400
2025-01-22,AAPL,AAPL,218.8,222.82,64126500
2025-01-23,AAPL,AAPL,223.73,222.65,60234800
2025-01-24,AAPL,AAPL,223.77,221.78,54697900
2025-01-27,AAPL,AAPL,223.01,228.83,94863400
2025-01-28,AAPL,AAPL,229.81,237.19,75707600
2025-01-29,AAPL,AAPL,233.07,238.28,45486100
2025-01-30,AAPL,AAPL,237.6,236.52,55658300
2025-01-31,AAPL,AAPL,246.08,234.94,100959800
2025-02-03,AAPL,AAPL,228.95,226.98,73063300
2025-02-04,AAPL,AAPL,226.23,231.75,45067300
2025-02-05,AAPL,AAPL,227.5,231.42,39620300
2025-02-06,AAPL,AAPL,230.25,232.17,29925300
2025-02-07,AAPL,AAPL,231.55,226.61,39707200
2025-02-10,AAPL,AAPL,228.79,226.87,33115600
2025-02-11,AAPL,AAPL,227.42,231.83,53718400
2025-02-12,AAPL,AAPL,230.41,236.06,45243300
2025-02-13,AAPL,AAPL,236.1,240.71,53614100
2025-02-14,AAPL,AAPL,240.43,243.77,40896200
2025-02-18,AAPL,AAPL,243.32,243.64,48822500
2025-02-19,AAPL,AAPL,243.83,244.04,32204200
2025-02-20,AAPL,AAPL,244.11,244.99,32316900
2025-02-21,AAPL,AAPL,245.11,244.71,53197400
2025-02-24,AAPL,AAPL,244.1,246.26,51326400
2025-02-25,AAPL,AAPL,247.15,246.2,48013300
2025-02-26,AAPL,AAPL,243.5,239.54,44433600
2025-02-27,AAPL,AAPL,238.59,236.49,41153600
2025-02-28,AAPL,AAPL,236.14,241.02,56833400
2025-03-03,AAPL,AAPL,240.97,237.22,47184000
2025-03-04,AAPL,AAPL,236.9,235.13,53798100
2025-03-05,AAPL,AAPL,234.62,234.94,47227600
2025-03-06,AAPL,AAPL,233.64,234.53,45170400
2025-03-07,AAPL,AAPL,234.31,238.26,46273600
2025-03-10,AAPL,AAPL,234.74,226.7,72071200
2025-03-11,AAPL,AAPL,223.05,220.09,76137400
2025-03-12,AAPL,AAPL,219.39,216.24,62547500
2025-03-13,AAPL,AAPL,215.21,208.97,61368300
2025-03-14,AAPL,AAPL,210.53,212.76,60107600
2025-03-17,AAPL,AAPL,212.58,213.27,48073400
2025-03-18,AAPL,AAPL,213.43,211.97,42432400
2025-03-19,AAPL,AAPL,213.49,214.51,54385400
2025-03-20,AAPL,AAPL,213.26,213.37,48862900
2025-03-21,AAPL,AAPL,210.84,217.53,94127800
2025-03-24,AAPL,AAPL,220.25,219.98,44299500
2025-03-25,AAPL,AAPL,220.02,222.99,34493600
2025-03-26,AAPL,AAPL,222.75,220.78,34466100
2025-03-27,AAPL,AAPL,220.64,223.09,37094800
2025-03-28,AAPL,AAPL,220.91,217.16,39818600
2025-03-31,AAPL,AAPL,216.27,221.37,65299300
2025-04-01,AAPL,AAPL,219.06,222.43,36412700
2025-04-02,AAPL,AAPL,220.57,223.13,35905900
2025-04-03,AAPL,AAPL,204.84,202.5,103419000
2025-04-04,AAPL,AAPL,193.23,187.74,125910900
2025-04-07,AAPL,AAPL,176.6,180.84,160466300
2025-04-08,AAPL,AAPL,186.06,171.83,120859500
2025-04-09,AAPL,AAPL,171.36,198.17,184395900
2025-04-10,AAPL,AAPL,188.43,189.77,121880000
2025-04-11,AAPL,AAPL,185.47,197.47,87435900
2025-04-14,AAPL,AAPL,210.72,201.83,101352900
2025-04-15,AAPL,AAPL,201.17,201.45,51343900
2025-04-16,AAPL,AAPL,197.68,193.61,59732400
2025-04-17,AAPL,AAPL,196.53,196.31,52164700
2025-04-21,AAPL,AAPL,192.61,192.5,46742500
2025-04-22,AAPL,AAPL,195.45,199.06,52976400
2025-04-23,AAPL,AAPL,205.3,203.9,52929200
2025-04-24,AAPL,AAPL,204.19,207.66,47311000
2025-04-25,AAPL,AAPL,205.67,208.57,38222300
2025-04-28,AAPL,AAPL,209.28,209.42,38743100
2025-04-29,AAPL,AAPL,207.98,210.49,36827600
2025-04-30,AAPL,AAPL,208.59,211.78,52286500
2025-05-01,AAPL,AAPL,208.37,212.59,57365700
2025-05-02,AAPL,AAPL,205.39,204.65,101010600
2025-05-05,AAPL,AAPL,202.41,198.21,69018500
2025-05-06,AAPL,AAPL,197.53,197.83,51216500
2025-05-07,AAPL,AAPL,198.49,195.58,68536700
2025-05-08,AAPL,AAPL,197.05,196.82,50478900
2025-05-09,AAPL,AAPL,198.32,197.85,36453900
2025-05-12,AAPL,AAPL,210.53,210.35,63775800
2025-05-13,AAPL,AAPL,209.99,212.48,51909300
2025-05-14,AAPL,AAPL,211.98,211.88,49325800
2025-05-15,AAPL,AAPL,210.51,211.01,45029500
2025-05-16,AAPL,AAPL,211.91,210.82,54737900
2025-05-19,AAPL,AAPL,207.47,208.34,46140500
2025-05-20,AAPL,AAPL,207.23,206.43,42496600
2025-05-21,AAPL,AAPL,204.74,201.67,59211800
2025-05-22,AAPL,AAPL,200.29,200.94,46742400
2025-05-23,AAPL,AAPL,193.26,194.86,78432900
2025-05-27,AAPL,AAPL,197.88,199.79,56288500
2025-05-28,AAPL,AAPL,200.17,200.0,45339700
2025-05-29,AAPL,AAPL,203.15,199.53,51396800
2025-05-30,AAPL,AAPL,198.95,200.43,70819900
2025-06-02,AAPL,AAPL,199.86,201.28,35423300
2025-06-03,AAPL,AAPL,200.93,202.84,46381600
2025-06-04,AAPL,AAPL,202.48,202.39,43604000
2025-06-05,AAPL,AAPL,203.07,200.21,55126100
2025-06-06,AAPL,AAPL,202.57,203.49,46607700
2025-06-09,AAPL,AAPL,203.96,201.03,72862600
2025-06-10,AAPL,AAPL,200.18,202.24,54672600
2025-06-11,AAPL,AAPL,203.07,198.36,60989900
2025-06-12,AAPL,AAPL,198.66,198.78,43904600
2025-06-13,AAPL,AAPL,199.31,196.04,51447300
2025-06-16,AAPL,AAPL,196.89,198.0,43020700
2025-06-17,AAPL,AAPL,196.79,195.23,38856200
2025-06-18,AAPL,AAPL,195.53,196.17,45394700
2025-06-20,AAPL,AAPL,197.82,200.58,96813500
2025-06-23,AAPL,AAPL,201.21,201.08,55814300
2025-06-24,AAPL,AAPL,202.16,199.88,54064000
2025-06-25,AAPL,AAPL,201.03,201.14,39525700
2025-06-26,AAPL,AAPL,201.01,200.58,50799100
2025-06-27,AAPL,AAPL,201.47,200.66,73188600
2025-06-30,AAPL,AAPL,201.59,204.74,91912800
2025-07-01,AAPL,AAPL,206.24,207.38,78788900
2025-07-02,AAPL,AAPL,208.47,211.99,67941800
2025-07-03,AAPL,AAPL,211.7,213.1,34955800
2025-07-07,AAPL,AAPL,212.23,209.51,50229000
2025-07-08,AAPL,AAPL,209.66,209.57,42848900
2025-07-09,AAPL,AAPL,209.09,210.7,48749400
2025-07-10,AAPL,AAPL,210.07,211.96,44443600
2025-07-11,AAPL,AAPL,210.13,210.72,39765800
2025-07-14,AAPL,AAPL,209.49,208.18,38840100
2025-07-15,AAPL,AAPL,208.78,208.67,42296300
2025-07-16,AAPL,AAPL,209.86,209.72,47490500
2025-07-17,AAPL,AAPL,210.13,209.58,48068100
2025-07-18,AAPL,AAPL,210.43,210.74,48974600
2025-07-21,AAPL,AAPL,211.65,212.03,51377400
2025-07-22,AAPL,AAPL,212.69,213.95,46404100
2025-07-23,AAPL,AAPL,214.55,213.7,46989300
2025-07-24,AAPL,AAPL,213.45,213.31,46022600
2025-07-25,AAPL,AAPL,214.25,213.43,40268800
2025-07-28,AAPL,AAPL,213.58,213.6,37858000
2025-07-29,AAPL,AAPL,213.73,210.83,51411700
2025-07-30,AAPL,AAPL,211.45,208.61,45512500
2025-07-31,AAPL,AAPL,208.05,207.13,80698400
2025-08-01,AAPL,AAPL,210.43,201.95,104434500
2025-08-04,AAPL,AAPL,204.08,202.92,75109300
2025-08-05,AAPL,AAPL,202.97,202.49,44155100
2025-08-06,AAPL,AAPL,205.2,212.8,108483100
2025-08-07,AAPL,AAPL,218.42,219.57,90224800
2025-08-08,AAPL,AAPL,220.37,228.87,113854000
2025-08-11,AAPL,AAPL,227.7,226.96,61806100
2025-08-12,AAPL,AAPL,227.79,229.43,55626200
2025-08-13,AAPL,AAPL,230.85,233.1,69878500
2025-08-14,AAPL,AAPL,233.83,232.55,51916300
2025-08-15,AAPL,AAPL,233.77,231.37,56038700
2025-08-18,AAPL,AAPL,231.48,230.67,37476200
2025-08-19,AAPL,AAPL,231.06,230.34,39402600
2025-08-20,AAPL,AAPL,229.76,225.79,42263900
2025-08-21,AAPL,AAPL,226.05,224.68,30621200
2025-08-22,AAPL,AAPL,225.95,227.54,42477800
2025-08-25,AAPL,AAPL,226.26,226.94,30983100
2025-08-26,AAPL,AAPL,226.65,229.09,54575100
2025-08-27,AAPL,AAPL,228.39,230.27,31259500
2025-08-28,AAPL,AAPL,230.6,232.33,38074700
2025-08-29,AAPL,AAPL,232.28,231.92,39418400
2025-09-02,AAPL,AAPL,229.03,229.5,44075600
2025-09-03,AAPL,AAPL,236.98,238.24,66427800
2025-09-04,AAPL,AAPL,238.22,239.55,47549400
2025-09-05,AAPL,AAPL,239.77,239.46,54870400
2025-09-08,AAPL,AAPL,239.07,237.65,48999500
2025-09-09,AAPL,AAPL,236.77,234.12,66313900
2025-09-10,AAPL,AAPL,231.97,226.57,83440800
2025-09-11,AAPL,AAPL,226.66,229.81,50208600
2025-09-12,AAPL,AAPL,229.0,233.84,55824200
2025-09-15,AAPL,AAPL,236.77,236.47,42699500
2025-09-16,AAPL,AAPL,236.95,237.92,63421100
2025-09-17,AAPL,AAPL,238.74,238.76,46508000
2025-09-18,AAPL,AAPL,239.74,237.65,44249600
2025-09-19,AAPL,AAPL,241.0,245.26,163741300
2025-09-22,AAPL,AAPL,248.06,255.83,105517400
2025-09-23,AAPL,AAPL,255.63,254.18,60275200
2025-09-24,AAPL,AAPL,254.97,252.07,42303700
2025-09-25,AAPL,AAPL,252.96,256.62,55202100
2025-09-26,AAPL,AAPL,253.85,255.21,46076300
2025-09-29,AAPL,AAPL,254.31,254.18,40127700
2025-09-30,AAPL,AAPL,254.61,254.38,37704300
2025-10-01,AAPL,AAPL,254.79,255.2,48713900
2025-10-02,AAPL,AAPL,256.33,256.88,42630200
2025-10-03,AAPL,AAPL,254.42,257.77,49155600
2025-10-06,AAPL,AAPL,257.74,256.44,44664100
2025-10-07,AAPL,AAPL,256.56,256.23,31955800
2025-10-08,AAPL,AAPL,256.27,257.81,36496900
2025-10-09,AAPL,AAPL,257.56,253.79,38322000
2025-10-10,AAPL,AAPL,254.69,245.03,61999100
2025-10-13,AAPL,AAPL,249.14,247.42,38142900
2025-10-14,AAPL,AAPL,246.36,247.53,35478000
2025-10-15,AAPL,AAPL,249.25,249.1,33893600
2025-10-16,AAPL,AAPL,248.01,247.21,39777000
2025-10-17,AAPL,AAPL,247.78,252.05,49147000
2025-10-20,AAPL,AAPL,255.64,261.99,90483000
2025-10-21,AAPL,AAPL,261.63,262.52,46695900
2025-10-22,AAPL,AAPL,262.4,258.2,45015300
2025-10-23,AAPL,AAPL,259.69,259.33,32754900
2025-10-24,AAPL,AAPL,260.94,262.57,38253700
2025-10-27,AAPL,AAPL,264.62,268.55,44888200
2025-10-28,AAPL,AAPL,268.73,268.74,41534800
2025-10-29,AAPL,AAPL,269.02,269.44,51086700
2025-10-30,AAPL,AAPL,271.73,271.14,69886500
2025-10-31,AAPL,AAPL,276.72,270.11,86167100
2025-11-03,AAPL,AAPL,270.16,268.79,50194600
2025-11-04,AAPL,AAPL,268.07,269.78,49274800
2025-11-05,AAPL,AAPL,268.35,269.88,43683100
2025-11-06,AAPL,AAPL,267.63,269.51,51204000
2025-11-07,AAPL,AAPL,269.54,268.21,48227400
2025-11-10,AAPL,AAPL,268.96,269.43,41312400
2025-11-11,AAPL,AAPL,269.81,275.25,46208300
2025-11-12,AAPL,AAPL,275.0,273.47,48398000
2025-11-13,AAPL,AAPL,274.11,272.95,49602800
2025-11-14,AAPL,AAPL,271.05,272.41,47431300
2025-11-17,AAPL,AAPL,268.82,267.46,45018300
2025-11-18,AAPL,AAPL,269.99,267.44,45677300
2025-11-19,AAPL,AAPL,265.53,268.56,40424500
2025-11-20,AAPL,AAPL,270.83,266.25,45823600
2025-11-21,AAPL,AAPL,265.95,271.49,59030800
2025-11-24,AAPL,AAPL,270.9,275.92,65585800
2025-11-25,AAPL,AAPL,275.27,276.97,46914200
2025-11-26,AAPL,AAPL,276.96,277.55,33431400
2025-11-28,AAPL,AAPL,277.26,278.85,20135600
2025-12-01,AAPL,AAPL,278.01,283.1,46587700
2025-12-02,AAPL,AAPL,283.0,286.19,53669500
2025-12-03,AAPL,AAPL,286.2,284.15,43538700
2025-12-04,AAPL,AAPL,284.1,280.7,43989100
2025-12-05,AAPL,AAPL,280.54,278.78,47265800
2025-12-08,AAPL,AAPL,278.13,277.89,38211800
2025-12-09,AAPL,AAPL,278.16,277.18,32193300
2025-12-10,AAPL,AAPL,277.75,278.78,33038300
2025-12-11,AAPL,AAPL,279.1,278.03,33248000
2025-12-12,AAPL,AAPL,277.9,278.28,39532900
2025-12-15,AAPL,AAPL,280.15,274.11,50409100
2025-12-16,AAPL,AAPL,272.82,274.61,37648600
2025-12-17,AAPL,AAPL,275.01,271.84,50138700
2025-12-18,AAPL,AAPL,273.61,272.19,51630700
2025-12-19,AAPL,AAPL,272.15,273.67,144632000
2025-12-22,AAPL,AAPL,272.86,270.97,36571800
2025-12-23,AAPL,AAPL,270.84,272.36,29642000
2025-12-24,AAPL,AAPL,272.34,273.81,17910600
2025-12-26,AAPL,AAPL,274.16,273.4,21521800
2025-12-29,AAPL,AAPL,272.69,273.76,23715200
2025-12-30,AAPL,AAPL,272.81,273.08,22139600
2025-12-31,AAPL,AAPL,273.06,271.86,27293600
2026-01-02,AAPL,AAPL,272.26,271.01,37838100
2026-01-05,AAPL,AAPL,270.64,267.26,45647200
2026-01-06,AAPL,AAPL,267.0,262.36,52352100
2026-01-07,AAPL,AAPL,263.2,260.33,48309800
2026-01-08,AAPL,AAPL,257.02,259.04,50419300
2026-01-09,AAPL,AAPL,259.08,259.37,39997000
2026-01-12,AAPL,AAPL,259.16,260.25,45263800
2026-01-13,AAPL,AAPL,258.72,261.05,45730800
2026-01-14,AAPL,AAPL,259.49,259.96,40019400
2026-01-15,AAPL,AAPL,260.65,258.21,39388600
2026-01-16,AAPL,AAPL,257.9,255.53,72142800
2026-01-20,AAPL,AAPL,252.73,246.7,80267500
2026-01-21,AAPL,AAPL,248.7,247.65,54641700
2026-01-22,AAPL,AAPL,249.2,248.35,39708300
2026-01-23,AAPL,AAPL,247.32,248.04,41689000
2026-01-26,AAPL,AAPL,251.48,255.41,55969200
2023-07-03,MSFT,MSFT,332.83,331.65,12508700
2023-07-05,MSFT,MSFT,328.8,331.8,18172400
2023-07-06,MSFT,MSFT,330.97,334.87,28161200
2023-07-07,MSFT,MSFT,332.95,330.89,21214800
2023-07-10,MSFT,MSFT,328.32,325.6,32791400
2023-07-11,MSFT,MSFT,324.85,326.23,26698200
2023-07-12,MSFT,MSFT,330.28,330.87,29995300
2023-07-13,MSFT,MSFT,333.19,336.23,20567200
2023-07-14,MSFT,MSFT,341.07,338.76,28352700
2023-07-17,MSFT,MSFT,339.19,339.24,20363900
2023-07-18,MSFT,MSFT,339.34,352.74,64738600
2023-07-19,MSFT,MSFT,354.96,348.42,39732900
2023-07-20,MSFT,MSFT,346.94,340.36,33778400
2023-07-21,MSFT,MSFT,342.6,337.32,69405400
2023-07-24,MSFT,MSFT,339.36,338.63,26678100
2023-07-25,MSFT,MSFT,340.6,344.39,41637700
2023-07-26,MSFT,MSFT,335.03,331.43,58383700
2023-07-27,MSFT,MSFT,334.09,324.51,39635300
2023-07-28,MSFT,MSFT,327.41,332.02,28484900
2023-07-31,MSFT,MSFT,330.6,329.62,25446000
2023-08-01,MSFT,MSFT,328.9,330.03,18311900
2023-08-02,MSFT,MSFT,327.37,321.35,27761300
2023-08-03,MSFT,MSFT,319.88,320.53,18253700
2023-08-04,MSFT,MSFT,325.65,321.63,23741500
2023-08-07,MSFT,MSFT,322.21,323.92,17741500
2023-08-08,MSFT,MSFT,320.82,319.93,22327600
2023-08-09,MSFT,MSFT,320.34,316.18,22373300
2023-08-10,MSFT,MSFT,319.9,316.87,20113700
2023-08-11,MSFT,MSFT,314.25,314.99,24355500
2023-08-14,MSFT,MSFT,315.36,317.96,18836100
2023-08-15,MSFT,MSFT,316.94,315.82,16966300
2023-08-16,MSFT,MSFT,315.45,315.05,20698900
2023-08-17,MSFT,MSFT,315.19,311.59,21257200
2023-08-18,MSFT,MSFT,309.24,311.2,24755000
2023-08-21,MSFT,MSFT,312.62,316.51,24040000
2023-08-22,MSFT,MSFT,320.07,317.08,16084600
2023-08-23,MSFT,MSFT,318.42,321.54,21166400
2023-08-24,MSFT,MSFT,327.3,314.63,23281400
2023-08-25,MSFT,MSFT,316.11,317.59,21684100
2023-08-28,MSFT,MSFT,320.23,318.3,14808500
2023-08-29,MSFT,MSFT,316.51,322.93,19284600
2023-08-30,MSFT,MSFT,323.19,323.3,15222100
2023-08-31,MSFT,MSFT,323.71,322.29,26411000
2023-09-01,MSFT,MSFT,325.78,323.18,14942000
2023-09-05,MSFT,MSFT,323.51,327.98,18553900
2023-09-06,MSFT,MSFT,327.82,327.33,17535800
2023-09-07,MSFT,MSFT,325.76,324.4,18381000
2023-09-08,MSFT,MSFT,324.58,328.69,19530100
2023-09-11,MSFT,MSFT,331.61,332.3,16583300
2023-09-12,MSFT,MSFT,330.22,326.23,17565500
2023-09-13,MSFT,MSFT,325.78,330.45,16544400
2023-09-14,MSFT,MSFT,333.49,333.05,20267000
2023-09-15,MSFT,MSFT,331.3,324.71,37679800
2023-09-18,MSFT,MSFT,322.33,323.57,16834200
2023-09-19,MSFT,MSFT,320.73,323.17,16505900
2023-09-20,MSFT,MSFT,324.01,315.42,21436500
2023-09-21,MSFT,MSFT,313.93,314.2,35560400
2023-09-22,MSFT,MSFT,315.96,311.72,21447900
2023-09-25,MSFT,MSFT,311.31,312.24,17836000
2023-09-26,MSFT,MSFT,309.87,306.93,26297600
2023-09-27,MSFT,MSFT,307.09,307.57,19410100
2023-09-28,MSFT,MSFT,305.8,308.41,19683600
2023-09-29,MSFT,MSFT,312.45,310.48,24147300
2023-10-02,MSFT,MSFT,311.0,316.43,20570000
2023-10-03,MSFT,MSFT,315.48,308.16,21033500
2023-10-04,MSFT,MSFT,308.79,313.64,20720100
2023-10-05,MSFT,MSFT,313.77,314.03,16965600
2023-10-06,MSFT,MSFT,311.27,321.8,25673600
2023-10-09,MSFT,MSFT,319.33,324.32,19891200
2023-10-10,MSFT,MSFT,325.44,322.91,20557100
2023-10-11,MSFT,MSFT,325.68,326.87,20063200
2023-10-12,MSFT,MSFT,325.05,325.63,19313100
2023-10-13,MSFT,MSFT,326.83,322.26,21072400
2023-10-16,MSFT,MSFT,325.53,327.09,22158000
2023-10-17,MSFT,MSFT,324.09,326.52,18338500
2023-10-18,MSFT,MSFT,326.94,324.6,23153600
2023-10-19,MSFT,MSFT,326.61,325.79,25052100
2023-10-20,MSFT,MSFT,326.18,321.22,25027700
2023-10-23,MSFT,MSFT,320.04,323.82,24374700
2023-10-24,MSFT,MSFT,325.77,325.01,31153600
2023-10-25,MSFT,MSFT,339.26,334.99,55053800
2023-10-26,MSFT,MSFT,334.86,322.42,37828500
2023-10-27,MSFT,MSFT,324.92,324.31,29856500
2023-10-30,MSFT,MSFT,327.85,331.68,22828100
2023-10-31,MSFT,MSFT,333.2,332.47,20265300
2023-11-01,MSFT,MSFT,334.12,340.3,28158800
2023-11-02,MSFT,MSFT,341.45,342.51,24348100
2023-11-03,MSFT,MSFT,343.8,346.91,23637700
2023-11-06,MSFT,MSFT,347.55,350.58,23828300
2023-11-07,MSFT,MSFT,353.4,354.51,25833900
2023-11-08,MSFT,MSFT,355.64,357.14,26767800
2023-11-09,MSFT,MSFT,356.25,354.67,24847300
2023-11-10,MSFT,MSFT,355.46,363.5,28042100
2023-11-13,MSFT,MSFT,362.08,360.56,19986500
2023-11-14,MSFT,MSFT,364.82,364.09,27683900
2023-11-15,MSFT,MSFT,365.83,364.24,26860100
2023-11-16,MSFT,MSFT,365.51,370.64,27182300
2023-11-17,MSFT,MSFT,368.12,364.42,40157000
2023-11-20,MSFT,MSFT,365.77,371.9,52465100
2023-11-21,MSFT,MSFT,370.15,367.59,28423100
2023-11-22,MSFT,MSFT,372.45,372.3,23345300
2023-11-24,MSFT,MSFT,371.79,371.89,10176600
2023-11-27,MSFT,MSFT,371.24,373.05,22179200
2023-11-28,MSFT,MSFT,372.79,377.08,20453100
2023-11-29,MSFT,MSFT,378.12,373.28,28963400
2023-11-30,MSFT,MSFT,372.93,373.34,30554400
2023-12-01,MSFT,MSFT,371.23,369.01,33040500
2023-12-04,MSFT,MSFT,363.68,363.72,32063300
2023-12-05,MSFT,MSFT,361.07,367.05,23065000
2023-12-06,MSFT,MSFT,368.05,363.38,21182100
2023-12-07,MSFT,MSFT,362.82,365.5,23118900
2023-12-08,MSFT,MSFT,363.78,368.73,20154400
2023-12-11,MSFT,MSFT,363.07,365.85,27708800
2023-12-12,MSFT,MSFT,365.4,368.88,24838300
2023-12-13,MSFT,MSFT,370.5,368.87,30955500
2023-12-14,MSFT,MSFT,367.83,360.55,43277500
2023-12-15,MSFT,MSFT,361.46,365.28,78502300
2023-12-18,MSFT,MSFT,364.02,367.18,21802900
2023-12-19,MSFT,MSFT,366.03,367.78,20603700
2023-12-20,MSFT,MSFT,369.49,365.18,26316700
2023-12-21,MSFT,MSFT,367.09,368.05,17708000
2023-12-22,MSFT,MSFT,368.19,369.08,17107500
2023-12-26,MSFT,MSFT,369.49,369.16,12673100
2023-12-27,MSFT,MSFT,368.2,368.57,14905400
2023-12-28,MSFT,MSFT,369.86,369.77,14327000
2023-12-29,MSFT,MSFT,370.48,370.52,18730800
2024-01-02,MSFT,MSFT,368.37,365.42,25258600
2024-01-03,MSFT,MSFT,363.59,365.16,23083500
2024-01-04,MSFT,MSFT,365.22,362.53,20901500
2024-01-05,MSFT,MSFT,363.55,362.35,21004600
2024-01-08,MSFT,MSFT,363.87,369.19,23134000
2024-01-09,MSFT,MSFT,366.54,370.27,20830000
2024-01-10,MSFT,MSFT,370.84,377.15,25514200
2024-01-11,MSFT,MSFT,380.33,378.98,27850800
2024-01-12,MSFT,MSFT,379.83,382.76,21661200
2024-01-16,MSFT,MSFT,387.88,384.54,27202300
2024-01-17,MSFT,MSFT,382.28,383.75,22234100
2024-01-18,MSFT,MSFT,385.97,388.08,23392100
2024-01-19,MSFT,MSFT,389.95,392.81,29331100
2024-01-22,MSFT,MSFT,394.14,390.68,27016900
2024-01-23,MSFT,MSFT,389.94,393.04,20525900
2024-01-24,MSFT,MSFT,395.64,396.65,24867000
2024-01-25,MSFT,MSFT,398.38,398.92,21021200
2024-01-26,MSFT,MSFT,398.43,398.0,17803300
2024-01-29,MSFT,MSFT,400.09,403.7,24510200
2024-01-30,MSFT,MSFT,406.2,402.59,33477600
2024-01-31,MSFT,MSFT,400.98,391.74,47871100
2024-02-01,MSFT,MSFT,395.93,397.85,30657700
2024-02-02,MSFT,MSFT,397.88,405.18,28256700
2024-02-05,MSFT,MSFT,403.88,399.69,25352300
2024-02-06,MSFT,MSFT,399.92,399.53,18382600
2024-02-07,MSFT,MSFT,401.45,407.97,22340500
2024-02-08,MSFT,MSFT,407.97,408.03,21225300
2024-02-09,MSFT,MSFT,409.15,414.37,22032800
2024-02-12,MSFT,MSFT,414.38,409.16,21202900
2024-02-13,MSFT,MSFT,398.99,400.35,27824900
2024-02-14,MSFT,MSFT,402.82,404.22,20401200
2024-02-15,MSFT,MSFT,402.89,401.33,21825500
2024-02-16,MSFT,MSFT,402.71,398.86,22296500
2024-02-20,MSFT,MSFT,398.05,397.61,24307900
2024-02-21,MSFT,MSFT,395.02,397.0,18518900
2024-02-22,MSFT,MSFT,404.91,406.35,27009900
2024-02-23,MSFT,MSFT,410.32,405.06,16295900
2024-02-26,MSFT,MSFT,406.17,402.3,16193500
2024-02-27,MSFT,MSFT,402.74,402.24,14835800
2024-02-28,MSFT,MSFT,402.93,402.47,13183100
2024-02-29,MSFT,MSFT,403.38,408.32,31947300
2024-03-01,MSFT,MSFT,405.98,410.15,17823400
2024-03-04,MSFT,MSFT,408.12,409.58,17596000
2024-03-05,MSFT,MSFT,408.63,397.47,26919200
2024-03-06,MSFT,MSFT,397.78,396.92,22344100
2024-03-07,MSFT,MSFT,400.89,403.87,18718500
2024-03-08,MSFT,MSFT,402.71,400.99,18002200
2024-03-11,MSFT,MSFT,398.56,399.31,16120800
2024-03-12,MSFT,MSFT,402.37,409.94,22457000
2024-03-13,MSFT,MSFT,412.72,409.76,17115900
2024-03-14,MSFT,MSFT,414.83,419.75,34157300
2024-03-15,MSFT,MSFT,413.89,411.06,45079900
2024-03-18,MSFT,MSFT,408.92,411.95,20106000
2024-03-19,MSFT,MSFT,412.45,415.99,19837900
2024-03-20,MSFT,MSFT,416.57,419.76,17860100
2024-03-21,MSFT,MSFT,424.3,423.84,21296200
2024-03-22,MSFT,MSFT,424.17,423.22,17648500
2024-03-25,MSFT,MSFT,419.77,417.42,18060500
2024-03-26,MSFT,MSFT,420.13,416.22,16725600
2024-03-27,MSFT,MSFT,418.98,416.01,16705000
2024-03-28,MSFT,MSFT,415.54,415.31,21871200
2024-04-01,MSFT,MSFT,418.49,419.11,16316000
2024-04-02,MSFT,MSFT,414.7,416.02,17912000
2024-04-03,MSFT,MSFT,414.33,415.04,16502300
2024-04-04,MSFT,MSFT,419.52,412.5,19370900
2024-04-05,MSFT,MSFT,414.6,420.04,16554800
2024-04-08,MSFT,MSFT,419.7,419.13,14272400
2024-04-09,MSFT,MSFT,420.95,420.79,12496900
2024-04-10,MSFT,MSFT,416.76,417.81,16216600
2024-04-11,MSFT,MSFT,420.34,422.42,17966400
2024-04-12,MSFT,MSFT,418.59,416.47,19253800
2024-04-15,MSFT,MSFT,421.11,408.32,20273500
2024-04-16,MSFT,MSFT,409.24,409.24,16765600
2024-04-17,MSFT,MSFT,411.88,406.54,15855500
2024-04-18,MSFT,MSFT,405.35,399.07,21029900
2024-04-19,MSFT,MSFT,398.83,393.98,30565800
2024-04-22,MSFT,MSFT,394.93,395.8,20286900
2024-04-23,MSFT,MSFT,399.04,402.33,15734500
2024-04-24,MSFT,MSFT,404.29,403.8,15065300
2024-04-25,MSFT,MSFT,388.96,393.9,40586500
2024-04-26,MSFT,MSFT,406.87,401.09,29694700
2024-04-29,MSFT,MSFT,400.03,397.07,19582100
2024-04-30,MSFT,MSFT,396.32,384.32,28781400
2024-05-01,MSFT,MSFT,387.56,389.86,23562500
2024-05-02,MSFT,MSFT,392.54,392.72,17709400
2024-05-03,MSFT,MSFT,397.1,401.43,17446700
2024-05-06,MSFT,MSFT,403.5,408.22,16996600
2024-05-07,MSFT,MSFT,409.32,404.07,20018200
2024-05-08,MSFT,MSFT,402.92,405.26,11792300
2024-05-09,MSFT,MSFT,405.29,407.01,14689700
2024-05-10,MSFT,MSFT,407.63,409.4,13402300
2024-05-13,MSFT,MSFT,412.63,408.4,15440200
2024-05-14,MSFT,MSFT,406.72,411.2,15109300
2024-05-15,MSFT,MSFT,413.27,418.39,22239500
2024-05-16,MSFT,MSFT,417.12,416.32,17530100
2024-05-17,MSFT,MSFT,417.85,415.55,15352200
2024-05-20,MSFT,MSFT,415.55,420.62,16272100
2024-05-21,MSFT,MSFT,422.1,424.28,21453300
2024-05-22,MSFT,MSFT,425.32,425.75,18073700
2024-05-23,MSFT,MSFT,428.17,422.27,17211700
2024-05-24,MSFT,MSFT,422.45,425.39,11855300
2024-05-28,MSFT,MSFT,424.87,425.55,15718000
2024-05-29,MSFT,MSFT,420.97,424.41,15517100
2024-05-30,MSFT,MSFT,419.6,410.07,28394500
2024-05-31,MSFT,MSFT,412.13,410.53,47995300
2024-06-03,MSFT,MSFT,410.92,408.93,17484700
2024-06-04,MSFT,MSFT,407.86,411.46,14348900
2024-06-05,MSFT,MSFT,413.18,419.31,16988000
2024-06-06,MSFT,MSFT,419.31,419.81,14861300
2024-06-07,MSFT,MSFT,421.47,419.15,13621700
2024-06-10,MSFT,MSFT,419.99,423.13,13982900
2024-06-11,MSFT,MSFT,420.76,427.88,14551100
2024-06-12,MSFT,MSFT,430.49,436.17,22366200
2024-06-13,MSFT,MSFT,435.96,436.68,15960600
2024-06-14,MSFT,MSFT,433.42,437.66,13582000
2024-06-17,MSFT,MSFT,437.68,443.4,20790000
2024-06-18,MSFT,MSFT,444.72,441.39,17112500
2024-06-20,MSFT,MSFT,441.35,440.76,19877400
2024-06-21,MSFT,MSFT,442.42,444.79,34187100
2024-06-24,MSFT,MSFT,444.81,442.71,15913700
2024-06-25,MSFT,MSFT,443.28,445.95,16413400
2024-06-26,MSFT,MSFT,444.02,447.15,16507000
2024-06-27,MSFT,MSFT,447.17,447.83,14806300
2024-06-28,MSFT,MSFT,448.05,441.99,28362300
2024-07-01,MSFT,MSFT,443.69,451.67,17662800
2024-07-02,MSFT,MSFT,448.17,454.19,13979800
2024-07-03,MSFT,MSFT,453.11,455.66,9932800
2024-07-05,MSFT,MSFT,454.51,462.38,16000300
2024-07-08,MSFT,MSFT,461.38,461.07,12962300
2024-07-09,MSFT,MSFT,461.82,454.44,17207200
2024-07-10,MSFT,MSFT,456.11,461.08,18196100
2024-07-11,MSFT,MSFT,457.85,449.66,23111200
2024-07-12,MSFT,MSFT,449.29,448.52,16324300
2024-07-15,MSFT,MSFT,448.27,448.93,14429400
2024-07-16,MSFT,MSFT,449.18,444.54,17175700
2024-07-17,MSFT,MSFT,437.68,438.6,21778000
2024-07-18,MSFT,MSFT,439.41,435.49,20794800
2024-07-19,MSFT,MSFT,428.3,432.26,20940400
2024-07-22,MSFT,MSFT,436.89,438.03,15808800
2024-07-23,MSFT,MSFT,438.98,439.92,13107100
2024-07-24,MSFT,MSFT,435.57,424.14,26805800
2024-07-25,MSFT,MSFT,424.05,413.76,29943800
2024-07-26,MSFT,MSFT,413.56,420.55,23583800
2024-07-29,MSFT,MSFT,426.79,422.0,15125800
2024-07-30,MSFT,MSFT,422.98,418.23,32687600
2024-07-31,MSFT,MSFT,415.84,413.71,42891400
2024-08-01,MSFT,MSFT,416.12,412.48,30296400
2024-08-02,MSFT,MSFT,407.92,403.96,29437900
2024-08-05,MSFT,MSFT,384.85,390.77,40709200
2024-08-06,MSFT,MSFT,395.56,395.18,24946500
2024-08-07,MSFT,MSFT,404.11,394.01,20650900
2024-08-08,MSFT,MSFT,397.98,398.22,20203000
2024-08-09,MSFT,MSFT,399.55,401.52,19276700
2024-08-12,MSFT,MSFT,402.55,402.3,16762900
2024-08-13,MSFT,MSFT,405.05,409.42,19414300
2024-08-14,MSFT,MSFT,410.2,412.24,18267000
2024-08-15,MSFT,MSFT,415.89,417.11,20752100
2024-08-16,MSFT,MSFT,416.69,414.58,22775600
2024-08-19,MSFT,MSFT,415.06,417.61,15234000
2024-08-20,MSFT,MSFT,417.78,420.85,16387600
2024-08-21,MSFT,MSFT,420.13,420.19,16067300
2024-08-22,MSFT,MSFT,420.41,411.68,19361900
2024-08-23,MSFT,MSFT,413.1,412.91,18493800
2024-08-26,MSFT,MSFT,412.5,409.64,13152800
2024-08-27,MSFT,MSFT,409.02,409.99,13492900
2024-08-28,MSFT,MSFT,411.02,406.78,14882700
2024-08-29,MSFT,MSFT,411.08,409.28,17045200
2024-08-30,MSFT,MSFT,411.73,413.26,24308300
2024-09-03,MSFT,MSFT,414.02,405.63,20313600
2024-09-04,MSFT,MSFT,402.13,405.09,15135800
2024-09-05,MSFT,MSFT,403.83,404.59,14195500
2024-09-06,MSFT,MSFT,405.25,397.96,19609500
2024-09-09,MSFT,MSFT,403.45,401.94,15295100
2024-09-10,MSFT,MSFT,404.4,410.35,19594300
2024-09-11,MSFT,MSFT,411.63,419.1,19266900
2024-09-12,MSFT,MSFT,419.37,423.03,17395700
2024-09-13,MSFT,MSFT,421.87,426.58,15874600
2024-09-16,MSFT,MSFT,426.59,427.33,13834700
2024-09-17,MSFT,MSFT,436.13,431.1,18874200
2024-09-18,MSFT,MSFT,430.95,426.8,18898000
2024-09-19,MSFT,MSFT,437.12,434.61,21706600
2024-09-20,MSFT,MSFT,433.15,431.22,55167100
2024-09-23,MSFT,MSFT,430.24,429.48,15128900
2024-09-24,MSFT,MSFT,428.97,425.18,17015800
2024-09-25,MSFT,MSFT,425.83,428.09,13396400
2024-09-26,MSFT,MSFT,431.04,427.3,14492000
2024-09-27,MSFT,MSFT,427.5,424.04,14896100
2024-09-30,MSFT,MSFT,424.23,426.3,16807300
2024-10-01,MSFT,MSFT,424.46,416.78,19092900
2024-10-02,MSFT,MSFT,418.65,413.25,16582300
2024-10-03,MSFT,MSFT,413.74,412.66,13686400
2024-10-04,MSFT,MSFT,414.35,412.19,19169700
2024-10-07,MSFT,MSFT,412.13,405.73,20919800
2024-10-08,MSFT,MSFT,407.08,410.85,19229300
2024-10-09,MSFT,MSFT,411.99,413.58,14974300
2024-10-10,MSFT,MSFT,411.37,411.97,13848400
2024-10-11,MSFT,MSFT,412.27,412.45,14144900
2024-10-14,MSFT,MSFT,413.88,415.24,16653100
2024-10-15,MSFT,MSFT,418.25,414.84,18900200
2024-10-16,MSFT,MSFT,411.31,412.25,15508900
2024-10-17,MSFT,MSFT,418.43,412.84,14820000
2024-10-18,MSFT,MSFT,413.26,414.27,17145300
2024-10-21,MSFT,MSFT,412.25,414.88,14206100
2024-10-22,MSFT,MSFT,414.6,423.53,25482200
2024-10-23,MSFT,MSFT,426.85,420.65,19654400
2024-10-24,MSFT,MSFT,421.37,420.78,13581600
2024-10-25,MSFT,MSFT,422.79,424.17,16899100
2024-10-28,MSFT,MSFT,427.64,422.62,14882400
2024-10-29,MSFT,MSFT,424.02,427.93,17644100
2024-10-30,MSFT,MSFT,433.37,428.5,29749100
2024-10-31,MSFT,MSFT,411.49,402.57,53971000
2024-11-01,MSFT,MSFT,405.2,406.55,24230400
2024-11-04,MSFT,MSFT,405.99,404.66,19672300
2024-11-05,MSFT,MSFT,404.57,407.63,17626000
2024-11-06,MSFT,MSFT,408.58,416.27,26681800
2024-11-07,MSFT,MSFT,417.36,421.47,19901800
2024-11-08,MSFT,MSFT,421.36,418.61,16891400
2024-11-11,MSFT,MSFT,418.59,414.12,24503300
2024-11-12,MSFT,MSFT,414.36,419.09,19401200
2024-11-13,MSFT,MSFT,417.72,421.24,21502200
2024-11-14,MSFT,MSFT,421.05,422.92,30246900
2024-11-15,MSFT,MSFT,415.91,411.14,28247600
2024-11-18,MSFT,MSFT,411.01,411.89,24727000
2024-11-19,MSFT,MSFT,409.27,413.9,18133500
2024-11-20,MSFT,MSFT,412.99,411.62,19191700
2024-11-21,MSFT,MSFT,416.43,409.85,20780200
2024-11-22,MSFT,MSFT,408.36,413.95,24814600
2024-11-25,MSFT,MSFT,415.32,415.72,27691100
2024-11-26,MSFT,MSFT,416.52,424.86,23458900
2024-11-27,MSFT,MSFT,422.0,419.89,18332400
2024-11-29,MSFT,MSFT,417.01,420.36,16271900
2024-12-02,MSFT,MSFT,418.48,427.82,20207200
2024-12-03,MSFT,MSFT,426.69,428.04,18302000
2024-12-04,MSFT,MSFT,429.86,434.22,26009400
2024-12-05,MSFT,MSFT,434.71,439.38,21697800
2024-12-06,MSFT,MSFT,439.06,440.32,18821000
2024-12-09,MSFT,MSFT,439.36,442.75,19144400
2024-12-10,MSFT,MSFT,441.14,440.08,18469500
2024-12-11,MSFT,MSFT,440.8,445.7,19200200
2024-12-12,MSFT,MSFT,445.82,446.27,20834800
2024-12-13,MSFT,MSFT,445.16,443.99,20177800
2024-12-16,MSFT,MSFT,443.99,448.28,23598800
2024-12-17,MSFT,MSFT,447.71,451.13,22733500
2024-12-18,MSFT,MSFT,448.02,434.19,24444500
2024-12-19,MSFT,MSFT,438.39,433.83,22963700
2024-12-20,MSFT,MSFT,429.94,433.4,64263700
2024-12-23,MSFT,MSFT,433.54,432.06,19152500
2024-12-24,MSFT,MSFT,431.47,436.11,7164500
2024-12-26,MSFT,MSFT,435.86,434.9,8194200
2024-12-27,MSFT,MSFT,431.42,427.38,18117700
2024-12-30,MSFT,MSFT,422.94,421.72,13158700
2024-12-31,MSFT,MSFT,422.98,418.41,13246500
2025-01-02,MSFT,MSFT,422.41,415.51,16896500
2025-01-03,MSFT,MSFT,418.0,420.25,16662900
2025-01-06,MSFT,MSFT,424.87,424.72,20573600
2025-01-07,MSFT,MSFT,425.86,419.28,18139100
2025-01-08,MSFT,MSFT,420.36,421.45,15054600
2025-01-10,MSFT,MSFT,421.52,415.88,20201100
2025-01-13,MSFT,MSFT,412.2,414.14,17604800
2025-01-14,MSFT,MSFT,414.75,412.63,16935900
2025-01-15,MSFT,MSFT,416.06,423.19,19637800
2025-01-16,MSFT,MSFT,425.56,421.47,15300000
2025-01-17,MSFT,MSFT,430.91,425.89,26197500
2025-01-21,MSFT,MSFT,427.05,425.36,26085700
2025-01-22,MSFT,MSFT,434.36,442.93,27803800
2025-01-23,MSFT,MSFT,438.76,443.44,18389300
2025-01-24,MSFT,MSFT,441.9,440.81,15549500
2025-01-27,MSFT,MSFT,420.91,431.38,35647800
2025-01-28,MSFT,MSFT,431.42,443.93,23491700
2025-01-29,MSFT,MSFT,443.42,439.09,23581400
2025-01-30,MSFT,MSFT,415.7,411.95,54586300
2025-01-31,MSFT,MSFT,415.91,412.02,34161900
2025-02-03,MSFT,MSFT,408.59,407.91,25679100
2025-02-04,MSFT,MSFT,409.67,409.35,20532100
2025-02-05,MSFT,MSFT,409.33,410.26,16316700
2025-02-06,MSFT,MSFT,410.97,412.78,16309800
2025-02-07,MSFT,MSFT,413.43,406.75,22886800
2025-02-10,MSFT,MSFT,410.68,409.2,20817900
2025-02-11,MSFT,MSFT,406.64,408.43,18140600
2025-02-12,MSFT,MSFT,404.23,406.04,19121700
2025-02-13,MSFT,MSFT,404.02,407.53,23891700
2025-02-14,MSFT,MSFT,404.8,405.44,22758500
2025-02-18,MSFT,MSFT,405.01,406.64,21423100
2025-02-19,MSFT,MSFT,404.89,411.73,24114200
2025-02-20,MSFT,MSFT,413.08,413.91,23508700
2025-02-21,MSFT,MSFT,415.11,406.03,27524800
2025-02-24,MSFT,MSFT,406.33,401.85,26443700
2025-02-25,MSFT,MSFT,398.96,395.78,29387400
2025-02-26,MSFT,MSFT,395.89,397.6,19619000
2025-02-27,MSFT,MSFT,399.13,390.44,21127400
2025-02-28,MSFT,MSFT,390.57,394.87,32845700
2025-03-03,MSFT,MSFT,396.69,386.42,23007700
2025-03-04,MSFT,MSFT,381.36,386.54,29342900
2025-03-05,MSFT,MSFT,387.26,398.88,23433100
2025-03-06,MSFT,MSFT,392.18,394.77,23304600
2025-03-07,MSFT,MSFT,390.23,391.21,22034100
2025-03-10,MSFT,MSFT,383.78,378.13,32840100
2025-03-11,MSFT,MSFT,376.98,378.42,30380200
2025-03-12,MSFT,MSFT,380.91,381.23,24253600
2025-03-13,MSFT,MSFT,381.12,376.75,20473000
2025-03-14,MSFT,MSFT,377.75,386.49,19952800
2025-03-17,MSFT,MSFT,384.64,386.63,22474300
2025-03-18,MSFT,MSFT,385.01,381.47,19486900
2025-03-19,MSFT,MSFT,383.47,385.75,19185500
2025-03-20,MSFT,MSFT,383.68,384.78,18470500
2025-03-21,MSFT,MSFT,381.18,389.17,39675900
2025-03-24,MSFT,MSFT,393.29,390.98,21004500
2025-03-25,MSFT,MSFT,391.82,393.05,15775000
2025-03-26,MSFT,MSFT,392.89,387.89,16108400
2025-03-27,MSFT,MSFT,388.05,388.5,13766800
2025-03-28,MSFT,MSFT,386.01,376.78,21632000
2025-03-31,MSFT,MSFT,370.55,373.39,35184700
2025-04-01,MSFT,MSFT,372.65,380.15,19689500
2025-04-02,MSFT,MSFT,375.95,380.1,16092600
2025-04-03,MSFT,MSFT,372.79,371.12,30198000
2025-04-04,MSFT,MSFT,362.19,357.92,49209900
2025-04-07,MSFT,MSFT,349.01,355.95,50425000
2025-04-08,MSFT,MSFT,366.3,352.67,35868900
2025-04-09,MSFT,MSFT,351.65,388.41,50199700
2025-04-10,MSFT,MSFT,380.02,379.32,38024400
2025-04-11,MSFT,MSFT,378.61,386.38,23839200
2025-04-14,MSFT,MSFT,391.12,385.74,19251200
2025-04-15,MSFT,MSFT,386.44,383.67,17199900
2025-04-16,MSFT,MSFT,378.64,369.63,21967800
2025-04-17,MSFT,MSFT,371.76,365.82,21120200
2025-04-21,MSFT,MSFT,360.89,357.21,20807300
2025-04-22,MSFT,MSFT,361.44,364.86,19485000
2025-04-23,MSFT,MSFT,374.05,372.39,20545500
2025-04-24,MSFT,MSFT,373.7,385.23,22232300
2025-04-25,MSFT,MSFT,384.94,389.76,18973200
2025-04-28,MSFT,MSFT,389.87,389.07,16579400
2025-04-29,MSFT,MSFT,389.21,391.94,14974000
2025-04-30,MSFT,MSFT,388.22,393.15,36461100
2025-05-01,MSFT,MSFT,428.81,423.13,58938100
2025-05-02,MSFT,MSFT,429.44,432.96,30757400
2025-05-05,MSFT,MSFT,430.56,433.84,20136100
2025-05-06,MSFT,MSFT,429.9,431.0,15104200
2025-05-07,MSFT,MSFT,431.53,431.04,23295300
2025-05-08,MSFT,MSFT,435.59,435.83,23491300
2025-05-09,MSFT,MSFT,437.65,436.39,15324200
2025-05-12,MSFT,MSFT,443.56,446.86,22821900
2025-05-13,MSFT,MSFT,445.39,446.75,23618800
2025-05-14,MSFT,MSFT,445.75,450.52,19902800
2025-05-15,MSFT,MSFT,449.19,451.54,21992300
2025-05-16,MSFT,MSFT,450.46,452.68,23849800
2025-05-19,MSFT,MSFT,449.3,457.26,21336500
2025-05-20,MSFT,MSFT,453.99,456.56,15441800
2025-05-21,MSFT,MSFT,452.98,450.98,19216900
2025-05-22,MSFT,MSFT,453.35,453.27,18025600
2025-05-23,MSFT,MSFT,448.4,448.6,16883500
2025-05-27,MSFT,MSFT,454.88,459.07,20974300
2025-05-28,MSFT,MSFT,459.6,455.76,17086300
2025-05-29,MSFT,MSFT,459.93,457.07,13974800
2025-05-30,MSFT,MSFT,458.11,458.75,34770500
2025-06-02,MSFT,MSFT,455.54,460.35,16626500
2025-06-03,MSFT,MSFT,459.85,461.35,15743800
2025-06-04,MSFT,MSFT,462.37,462.24,14162700
2025-06-05,MSFT,MSFT,463.33,466.04,20131700
2025-06-06,MSFT,MSFT,468.44,468.73,15285600
2025-06-09,MSFT,MSFT,468.05,471.09,16469900
2025-06-10,MSFT,MSFT,469.54,469.27,15375900
2025-06-11,MSFT,MSFT,468.37,470.96,16399200
2025-06-12,MSFT,MSFT,473.35,477.19,18950600
2025-06-13,MSFT,MSFT,474.74,473.29,16814500
2025-06-16,MSFT,MSFT,473.54,477.46,15626100
2025-06-17,MSFT,MSFT,473.73,476.36,15414100
2025-06-18,MSFT,MSFT,476.32,478.56,17526500
2025-06-20,MSFT,MSFT,480.54,475.73,37576200
2025-06-23,MSFT,MSFT,476.53,484.3,24864000
2025-06-24,MSFT,MSFT,487.24,488.39,22305600
2025-06-25,MSFT,MSFT,490.31,490.54,17495100
2025-06-26,MSFT,MSFT,491.25,495.71,21578900
2025-06-27,MSFT,MSFT,495.81,494.2,34539200
2025-06-30,MSFT,MSFT,495.3,495.67,28369000
2025-07-01,MSFT,MSFT,494.73,490.32,19945400
2025-07-02,MSFT,MSFT,488.27,489.37,16319600
2025-07-03,MSFT,MSFT,492.08,497.09,13984800
2025-07-07,MSFT,MSFT,495.64,495.97,13981600
2025-07-08,MSFT,MSFT,495.5,494.88,11846600
2025-07-09,MSFT,MSFT,498.55,501.74,18659500
2025-07-10,MSFT,MSFT,501.29,499.72,16492100
2025-07-11,MSFT,MSFT,496.72,501.56,16459500
2025-07-14,MSFT,MSFT,499.76,501.26,12058800
2025-07-15,MSFT,MSFT,501.26,504.05,14927200
2025-07-16,MSFT,MSFT,503.41,503.85,15154400
2025-07-17,MSFT,MSFT,503.91,509.91,17503100
2025-07-18,MSFT,MSFT,512.68,508.26,21209700
2025-07-21,MSFT,MSFT,504.93,508.27,14066800
2025-07-22,MSFT,MSFT,509.18,503.5,13868600
2025-07-23,MSFT,MSFT,504.97,504.1,16396600
2025-07-24,MSFT,MSFT,506.99,509.09,16107000
2025-07-25,MSFT,MSFT,510.67,511.91,19125700
2025-07-28,MSFT,MSFT,512.28,510.7,14308000
2025-07-29,MSFT,MSFT,513.72,510.77,16469200
2025-07-30,MSFT,MSFT,513.36,511.44,26380400
2025-07-31,MSFT,MSFT,553.28,531.63,51617300
2025-08-01,MSFT,MSFT,533.12,522.27,28977600
2025-08-04,MSFT,MSFT,526.42,533.76,25349000
2025-08-05,MSFT,MSFT,535.3,525.9,19171600
2025-08-06,MSFT,MSFT,529.04,523.1,21355700
2025-08-07,MSFT,MSFT,524.95,519.01,16079100
2025-08-08,MSFT,MSFT,520.77,520.21,15531000
2025-08-11,MSFT,MSFT,520.47,519.94,20194400
2025-08-12,MSFT,MSFT,521.91,527.38,18667000
2025-08-13,MSFT,MSFT,530.24,518.75,19619200
2025-08-14,MSFT,MSFT,520.73,520.65,20269100
2025-08-15,MSFT,MSFT,520.94,518.35,25213300
2025-08-18,MSFT,MSFT,519.76,515.29,23760600
2025-08-19,MSFT,MSFT,513.19,507.98,21481000
2025-08-20,MSFT,MSFT,508.08,503.95,27723000
2025-08-21,MSFT,MSFT,502.75,503.3,18443300
2025-08-22,MSFT,MSFT,503.31,506.28,24324200
2025-08-25,MSFT,MSFT,505.68,503.32,21638600
2025-08-26,MSFT,MSFT,503.42,501.1,30835700
2025-08-27,MSFT,MSFT,501.06,505.79,17277900
2025-08-28,MSFT,MSFT,506.14,508.69,18015600
2025-08-29,MSFT,MSFT,507.71,505.74,20961600
2025-09-02,MSFT,MSFT,499.54,504.18,18128000
2025-09-03,MSFT,MSFT,502.85,504.41,16345100
2025-09-04,MSFT,MSFT,503.36,507.02,15509500
2025-09-05,MSFT,MSFT,508.12,494.08,31994800
2025-09-08,MSFT,MSFT,497.18,497.27,16771000
2025-09-09,MSFT,MSFT,500.49,497.48,14410500
2025-09-10,MSFT,MSFT,502.04,499.44,21611800
2025-09-11,MSFT,MSFT,501.31,500.07,18881600
2025-09-12,MSFT,MSFT,505.7,508.95,23624900
2025-09-15,MSFT,MSFT,507.84,514.4,17143800
2025-09-16,MSFT,MSFT,515.91,508.09,19711900
2025-09-17,MSFT,MSFT,509.67,509.07,15816600
2025-09-18,MSFT,MSFT,510.53,507.5,18913700
2025-09-19,MSFT,MSFT,509.61,516.96,52474100
2025-09-22,MSFT,MSFT,514.63,513.49,20009300
2025-09-23,MSFT,MSFT,512.84,508.28,19799600
2025-09-24,MSFT,MSFT,509.43,509.2,13533700
2025-09-25,MSFT,MSFT,507.35,506.08,15786500
2025-09-26,MSFT,MSFT,509.11,510.5,16213100
2025-09-29,MSFT,MSFT,510.54,513.64,17617800
2025-09-30,MSFT,MSFT,512.28,516.98,19728200
2025-10-01,MSFT,MSFT,513.84,518.74,22632300
2025-10-02,MSFT,MSFT,516.67,514.78,21222900
2025-10-03,MSFT,MSFT,516.13,516.38,15112300
2025-10-06,MSFT,MSFT,517.64,527.58,21388600
2025-10-07,MSFT,MSFT,527.3,523.0,14615200
2025-10-08,MSFT,MSFT,522.3,523.87,13363400
2025-10-09,MSFT,MSFT,521.36,521.42,18343600
2025-10-10,MSFT,MSFT,518.67,510.01,24133800
2025-10-13,MSFT,MSFT,515.45,513.09,14284200
2025-10-14,MSFT,MSFT,509.28,512.61,14684300
2025-10-15,MSFT,MSFT,514.0,512.47,14694700
2025-10-16,MSFT,MSFT,511.62,510.65,15559600
2025-10-17,MSFT,MSFT,508.09,512.62,19867800
2025-10-20,MSFT,MSFT,513.65,515.82,14665600
2025-10-21,MSFT,MSFT,516.53,516.69,15586200
2025-10-22,MSFT,MSFT,520.18,519.57,18962700
2025-10-23,MSFT,MSFT,521.48,519.59,14023500
2025-10-24,MSFT,MSFT,521.81,522.63,15532400
2025-10-27,MSFT,MSFT,530.79,530.53,18734700
2025-10-28,MSFT,MSFT,548.97,541.06,29986700
2025-10-29,MSFT,MSFT,543.92,540.54,36023000
2025-10-30,MSFT,MSFT,529.49,524.78,41023100
2025-10-31,MSFT,MSFT,527.89,516.84,34006400
2025-11-03,MSFT,MSFT,518.84,516.06,22374700
2025-11-04,MSFT,MSFT,510.8,513.37,20958700
2025-11-05,MSFT,MSFT,512.34,506.21,23024300
2025-11-06,MSFT,MSFT,504.72,496.17,27406500
2025-11-07,MSFT,MSFT,496.02,495.89,24019800
2025-11-10,MSFT,MSFT,499.11,505.05,26101500
2025-11-11,MSFT,MSFT,503.86,507.73,17980000
2025-11-12,MSFT,MSFT,508.41,510.19,26574900
2025-11-13,MSFT,MSFT,509.36,502.35,25273100
2025-11-14,MSFT,MSFT,497.3,509.23,28505700
2025-11-17,MSFT,MSFT,507.5,506.54,19092800
2025-11-18,MSFT,MSFT,494.44,492.87,33815100
2025-11-19,MSFT,MSFT,489.18,486.21,23245300
2025-11-20,MSFT,MSFT,492.71,478.43,26802500
2025-11-21,MSFT,MSFT,478.5,472.12,31769200
2025-11-24,MSFT,MSFT,475.0,474.0,34421000
2025-11-25,MSFT,MSFT,474.07,476.99,28019800
2025-11-26,MSFT,MSFT,486.31,485.5,25709100
2025-11-28,MSFT,MSFT,487.6,492.01,14386700
2025-12-01,MSFT,MSFT,488.44,486.74,23964000
2025-12-02,MSFT,MSFT,486.72,490.0,19562700
2025-12-03,MSFT,MSFT,476.32,477.73,34615100
2025-12-04,MSFT,MSFT,479.76,480.84,22318200
2025-12-05,MSFT,MSFT,482.52,483.16,22608700
2025-12-08,MSFT,MSFT,484.89,491.02,21965900
2025-12-09,MSFT,MSFT,489.1,492.02,14696100
2025-12-10,MSFT,MSFT,484.03,478.56,35756200
2025-12-11,MSFT,MSFT,476.63,483.47,24669200
2025-12-12,MSFT,MSFT,479.82,478.53,21248100
2025-12-15,MSFT,MSFT,480.1,474.82,23727700
2025-12-16,MSFT,MSFT,471.91,476.39,20705600
2025-12-17,MSFT,MSFT,476.91,476.12,24527200
2025-12-18,MSFT,MSFT,478.19,483.98,28573500
2025-12-19,MSFT,MSFT,487.36,485.92,70836100
2025-12-22,MSFT,MSFT,486.12,484.92,16963000
2025-12-23,MSFT,MSFT,484.98,486.85,14683600
2025-12-24,MSFT,MSFT,485.68,488.02,5855900
2025-12-26,MSFT,MSFT,486.71,487.71,8842200
2025-12-29,MSFT,MSFT,484.86,487.1,10893400
2025-12-30,MSFT,MSFT,485.93,487.48,13944500
2025-12-31,MSFT,MSFT,487.84,483.62,15601600
2026-01-02,MSFT,MSFT,484.39,472.94,25571600
2026-01-05,MSFT,MSFT,474.06,472.85,25250300
2026-01-06,MSFT,MSFT,473.8,478.51,23037700
2026-01-07,MSFT,MSFT,479.76,483.47,25564200
2026-01-08,MSFT,MSFT,481.24,478.11,18162600
2026-01-09,MSFT,MSFT,474.06,479.28,18491000
2026-01-12,MSFT,MSFT,476.67,477.18,23519900
2026-01-13,MSFT,MSFT,474.68,470.67,28545800
2026-01-14,MSFT,MSFT,466.46,459.38,28184300
2026-01-15,MSFT,MSFT,464.12,456.66,23225800
2026-01-16,MSFT,MSFT,457.83,459.86,34246700
2026-01-20,MSFT,MSFT,451.22,454.52,26130000
2026-01-21,MSFT,MSFT,452.6,444.11,37980500
2026-01-22,MSFT,MSFT,447.62,451.14,25349400
2026-01-23,MSFT,MSFT,451.87,465.95,38000200
2026-01-26,MSFT,MSFT,465.31,470.28,29291200
2023-07-03,GOOGL,GOOGL,118.35,119.0,14467900
2023-07-05,GOOGL,GOOGL,118.35,120.84,27584800
2023-07-06,GOOGL,GOOGL,118.9,119.21,24745200
2023-07-07,GOOGL,GOOGL,119.2,118.58,21709500
2023-07-10,GOOGL,GOOGL,117.41,115.58,35315200
2023-07-11,GOOGL,GOOGL,115.42,116.26,23078800
2023-07-12,GOOGL,GOOGL,117.91,118.04,30404400
2023-07-13,GOOGL,GOOGL,120.02,123.61,44297900
2023-07-14,GOOGL,GOOGL,123.86,124.48,33283100
2023-07-17,GOOGL,GOOGL,125.0,123.72,25716200
2023-07-18,GOOGL,GOOGL,123.67,122.83,26193600
2023-07-19,GOOGL,GOOGL,123.67,121.11,37224000
2023-07-20,GOOGL,GOOGL,120.51,118.31,37906800
2023-07-21,GOOGL,GOOGL,119.72,119.12,72937900
2023-07-24,GOOGL,GOOGL,120.75,120.62,29686100
2023-07-25,GOOGL,GOOGL,120.45,121.29,52509600
2023-07-26,GOOGL,GOOGL,129.09,128.3,61682100
2023-07-27,GOOGL,GOOGL,130.68,128.43,44952100
2023-07-28,GOOGL,GOOGL,129.8,131.59,36591200
2023-07-31,GOOGL,GOOGL,131.73,131.72,28055500
2023-08-01,GOOGL,GOOGL,129.8,130.56,23166800
2023-08-02,GOOGL,GOOGL,128.48,127.42,26273300
2023-08-03,GOOGL,GOOGL,127.01,127.49,20089500
2023-08-04,GOOGL,GOOGL,128.31,127.15,26147200
2023-08-07,GOOGL,GOOGL,128.19,130.54,22746300
2023-08-08,GOOGL,GOOGL,129.64,130.41,23535200
2023-08-09,GOOGL,GOOGL,130.67,128.69,24912900
2023-08-10,GOOGL,GOOGL,130.34,128.72,20857800
2023-08-11,GOOGL,GOOGL,127.7,128.59,19591100
2023-08-14,GOOGL,GOOGL,128.42,130.35,24695600
2023-08-15,GOOGL,GOOGL,130.12,128.81,19770700
2023-08-16,GOOGL,GOOGL,127.73,127.73,25216100
2023-08-17,GOOGL,GOOGL,128.83,128.95,33446300
2023-08-18,GOOGL,GOOGL,127.55,126.5,30504800
2023-08-21,GOOGL,GOOGL,126.23,127.41,25248700
2023-08-22,GOOGL,GOOGL,127.55,128.11,22054900
2023-08-23,GOOGL,GOOGL,129.2,131.38,27819700
2023-08-24,GOOGL,GOOGL,132.95,128.81,28500700
2023-08-25,GOOGL,GOOGL,128.57,128.91,26762900
2023-08-28,GOOGL,GOOGL,130.33,130.03,20543300
2023-08-29,GOOGL,GOOGL,131.25,133.56,43075600
2023-08-30,GOOGL,GOOGL,133.77,134.86,28315800
2023-08-31,GOOGL,GOOGL,134.99,135.15,30053800
2023-09-01,GOOGL,GOOGL,136.43,134.64,21543700
2023-09-05,GOOGL,GOOGL,134.42,134.75,19403100
2023-09-06,GOOGL,GOOGL,135.0,133.45,18684500
2023-09-07,GOOGL,GOOGL,132.59,134.25,18844300
2023-09-08,GOOGL,GOOGL,133.9,135.36,23558300
2023-09-11,GOOGL,GOOGL,135.52,135.89,20763400
2023-09-12,GOOGL,GOOGL,135.24,134.33,18405500
2023-09-13,GOOGL,GOOGL,134.08,135.68,20749500
2023-09-14,GOOGL,GOOGL,136.57,137.06,24751000
2023-09-15,GOOGL,GOOGL,136.95,136.37,38919600
2023-09-18,GOOGL,GOOGL,135.59,137.17,21861300
2023-09-19,GOOGL,GOOGL,136.39,137.0,20353700
2023-09-20,GOOGL,GOOGL,137.04,132.74,29927500
2023-09-21,GOOGL,GOOGL,130.45,129.46,31503900
2023-09-22,GOOGL,GOOGL,129.78,129.27,26397300
2023-09-25,GOOGL,GOOGL,128.86,130.13,20094600
2023-09-26,GOOGL,GOOGL,128.8,127.61,25718700
2023-09-27,GOOGL,GOOGL,127.61,129.56,22746500
2023-09-28,GOOGL,GOOGL,128.87,131.32,22513100
2023-09-29,GOOGL,GOOGL,132.28,129.88,30859800
2023-10-02,GOOGL,GOOGL,130.23,133.16,22288000
2023-10-03,GOOGL,GOOGL,132.94,131.44,22989400
2023-10-04,GOOGL,GOOGL,131.79,134.23,26752300
2023-10-05,GOOGL,GOOGL,134.06,134.06,19832600
2023-10-06,GOOGL,GOOGL,133.01,136.55,27597600
2023-10-09,GOOGL,GOOGL,135.91,137.38,19278100
2023-10-10,GOOGL,GOOGL,137.46,137.02,27786600
2023-10-11,GOOGL,GOOGL,137.54,139.5,25884300
2023-10-12,GOOGL,GOOGL,139.99,137.93,24765500
2023-10-13,GOOGL,GOOGL,138.33,136.33,23420500
2023-10-16,GOOGL,GOOGL,137.13,138.06,28501900
2023-10-17,GOOGL,GOOGL,137.59,138.67,23515800
2023-10-18,GOOGL,GOOGL,138.4,136.93,23375000
2023-10-19,GOOGL,GOOGL,137.46,136.72,26066000
2023-10-20,GOOGL,GOOGL,136.3,134.58,26335700
2023-10-23,GOOGL,GOOGL,134.03,135.48,26317900
2023-10-24,GOOGL,GOOGL,136.8,137.77,44814300
2023-10-25,GOOGL,GOOGL,127.2,124.67,84366200
2023-10-26,GOOGL,GOOGL,122.35,121.36,57061100
2023-10-27,GOOGL,GOOGL,121.96,121.25,44566500
2023-10-30,GOOGL,GOOGL,122.29,123.53,28940100
2023-10-31,GOOGL,GOOGL,124.12,123.15,26292300
2023-11-01,GOOGL,GOOGL,123.14,125.5,30082400
2023-11-02,GOOGL,GOOGL,127.46,126.53,27124600
2023-11-03,GOOGL,GOOGL,127.06,128.13,26393100
2023-11-06,GOOGL,GOOGL,128.08,129.27,19052700
2023-11-07,GOOGL,GOOGL,129.73,129.99,29757300
2023-11-08,GOOGL,GOOGL,129.99,130.85,26425800
2023-11-09,GOOGL,GOOGL,130.97,129.26,23747800
2023-11-10,GOOGL,GOOGL,129.12,131.6,26913300
2023-11-13,GOOGL,GOOGL,130.79,131.1,18324800
2023-11-14,GOOGL,GOOGL,133.18,132.62,32395200
2023-11-15,GOOGL,GOOGL,133.86,133.61,23861500
2023-11-16,GOOGL,GOOGL,134.18,135.9,28013200
2023-11-17,GOOGL,GOOGL,134.98,134.3,37240600
2023-11-20,GOOGL,GOOGL,132.69,135.23,27815500
2023-11-21,GOOGL,GOOGL,135.27,135.94,22635300
2023-11-22,GOOGL,GOOGL,136.44,137.45,17813900
2023-11-24,GOOGL,GOOGL,136.99,135.66,12514300
2023-11-27,GOOGL,GOOGL,135.01,135.39,23436500
2023-11-28,GOOGL,GOOGL,135.06,136.17,18730000
2023-11-29,GOOGL,GOOGL,136.54,133.98,23967200
2023-11-30,GOOGL,GOOGL,134.04,131.54,38988300
2023-12-01,GOOGL,GOOGL,130.87,130.87,31442300
2023-12-04,GOOGL,GOOGL,128.91,128.3,36669900
2023-12-05,GOOGL,GOOGL,127.98,130.01,27384800
2023-12-06,GOOGL,GOOGL,130.45,129.04,23576200
2023-12-07,GOOGL,GOOGL,134.03,135.9,56767100
2023-12-08,GOOGL,GOOGL,133.19,133.98,32260100
2023-12-11,GOOGL,GOOGL,131.39,132.29,31138000
2023-12-12,GOOGL,GOOGL,130.82,131.53,29032800
2023-12-13,GOOGL,GOOGL,132.38,131.58,30104800
2023-12-14,GOOGL,GOOGL,132.38,130.95,38722400
2023-12-15,GOOGL,GOOGL,130.63,131.61,50847100
2023-12-18,GOOGL,GOOGL,131.64,134.78,32258000
2023-12-19,GOOGL,GOOGL,135.81,135.63,25476800
2023-12-20,GOOGL,GOOGL,137.93,137.3,49107200
2023-12-21,GOOGL,GOOGL,138.44,139.37,27488300
2023-12-22,GOOGL,GOOGL,139.71,140.43,26532200
2023-12-26,GOOGL,GOOGL,140.53,140.46,16780300
2023-12-27,GOOGL,GOOGL,140.53,139.32,19628600
2023-12-28,GOOGL,GOOGL,139.72,139.18,16045700
2023-12-29,GOOGL,GOOGL,138.58,138.64,18733000
2024-01-02,GOOGL,GOOGL,137.51,137.13,23711200
2024-01-03,GOOGL,GOOGL,136.22,137.88,24212100
2024-01-04,GOOGL,GOOGL,137.38,135.37,27137700
2024-01-05,GOOGL,GOOGL,135.72,134.71,22513900
2024-01-08,GOOGL,GOOGL,135.27,137.8,21404000
2024-01-09,GOOGL,GOOGL,137.46,139.89,24759600
2024-01-10,GOOGL,GOOGL,139.94,141.21,21320200
2024-01-11,GOOGL,GOOGL,142.41,141.01,24008700
2024-01-12,GOOGL,GOOGL,141.6,141.58,18785500
2024-01-16,GOOGL,GOOGL,140.94,141.42,22670500
2024-01-17,GOOGL,GOOGL,140.29,140.41,20968600
2024-01-18,GOOGL,GOOGL,140.98,142.4,25746400
2024-01-19,GOOGL,GOOGL,143.65,145.28,34271900
2024-01-22,GOOGL,GOOGL,146.0,144.9,32200400
2024-01-23,GOOGL,GOOGL,144.8,145.94,21636100
2024-01-24,GOOGL,GOOGL,147.43,147.58,25233500
2024-01-25,GOOGL,GOOGL,148.94,150.73,29149100
2024-01-26,GOOGL,GOOGL,149.97,151.05,26115500
2024-01-29,GOOGL,GOOGL,150.92,152.36,27784300
2024-01-30,GOOGL,GOOGL,151.65,150.32,36331800
2024-01-31,GOOGL,GOOGL,142.54,139.05,71910000
2024-02-01,GOOGL,GOOGL,141.05,140.1,40466500
2024-02-02,GOOGL,GOOGL,138.22,141.31,62499600
2024-02-05,GOOGL,GOOGL,141.75,142.6,38505400
2024-02-06,GOOGL,GOOGL,143.57,143.02,29128200
2024-02-07,GOOGL,GOOGL,143.67,144.45,25208900
2024-02-08,GOOGL,GOOGL,144.74,144.82,22563800
2024-02-09,GOOGL,GOOGL,145.58,147.88,26829500
2024-02-12,GOOGL,GOOGL,147.31,146.42,21564100
2024-02-13,GOOGL,GOOGL,143.83,144.05,27837700
2024-02-14,GOOGL,GOOGL,144.98,144.85,22704200
2024-02-15,GOOGL,GOOGL,142.07,141.7,37590700
2024-02-16,GOOGL,GOOGL,141.92,139.47,31468900
2024-02-20,GOOGL,GOOGL,138.61,140.06,25144700
2024-02-21,GOOGL,GOOGL,140.39,141.48,23223300
2024-02-22,GOOGL,GOOGL,143.84,143.01,27191900
2024-02-23,GOOGL,GOOGL,142.59,142.88,19493800
2024-02-26,GOOGL,GOOGL,141.07,136.54,53641800
2024-02-27,GOOGL,GOOGL,136.98,137.84,33099200
2024-02-28,GOOGL,GOOGL,136.87,135.36,37328600
2024-02-29,GOOGL,GOOGL,136.25,137.42,42133000
2024-03-01,GOOGL,GOOGL,137.39,136.11,31151100
2024-03-04,GOOGL,GOOGL,134.64,132.35,55999400
2024-03-05,GOOGL,GOOGL,130.89,131.68,40194800
2024-03-06,GOOGL,GOOGL,132.12,130.41,35318600
2024-03-07,GOOGL,GOOGL,131.79,133.37,37738200
2024-03-08,GOOGL,GOOGL,133.2,134.39,39370400
2024-03-11,GOOGL,GOOGL,135.11,136.64,32437800
2024-03-12,GOOGL,GOOGL,136.0,137.46,27563400
2024-03-13,GOOGL,GOOGL,137.96,138.74,23347200
2024-03-14,GOOGL,GOOGL,140.13,142.03,42753400
2024-03-15,GOOGL,GOOGL,141.43,140.12,49475400
2024-03-18,GOOGL,GOOGL,147.5,146.57,69273700
2024-03-19,GOOGL,GOOGL,147.05,145.93,24070400
2024-03-20,GOOGL,GOOGL,146.89,147.62,21311500
2024-03-21,GOOGL,GOOGL,148.35,146.49,24755600
2024-03-22,GOOGL,GOOGL,148.0,149.64,29211800
2024-03-25,GOOGL,GOOGL,148.82,148.94,19229300
2024-03-26,GOOGL,GOOGL,149.09,149.54,22149100
2024-03-27,GOOGL,GOOGL,150.05,149.74,22879200
2024-03-28,GOOGL,GOOGL,149.72,149.8,24485400
2024-04-01,GOOGL,GOOGL,149.56,154.32,31730800
2024-04-02,GOOGL,GOOGL,152.35,153.4,24586000
2024-04-03,GOOGL,GOOGL,152.45,153.76,24705000
2024-04-04,GOOGL,GOOGL,152.35,149.4,34724700
2024-04-05,GOOGL,GOOGL,148.9,151.36,23459200
2024-04-08,GOOGL,GOOGL,151.63,153.69,20702000
2024-04-09,GOOGL,GOOGL,154.92,155.43,31079500
2024-04-10,GOOGL,GOOGL,155.04,154.97,22838600
2024-04-11,GOOGL,GOOGL,155.73,158.21,27166400
2024-04-12,GOOGL,GOOGL,156.78,156.55,25353700
2024-04-15,GOOGL,GOOGL,157.67,153.7,27136500
2024-04-16,GOOGL,GOOGL,153.03,153.24,20779500
2024-04-17,GOOGL,GOOGL,154.45,154.3,21763100
2024-04-18,GOOGL,GOOGL,154.18,154.84,19883000
2024-04-19,GOOGL,GOOGL,155.03,152.93,32615600
2024-04-22,GOOGL,GOOGL,153.15,155.11,26446200
2024-04-23,GOOGL,GOOGL,155.78,157.07,21151600
2024-04-24,GOOGL,GOOGL,156.31,157.94,22779100
2024-04-25,GOOGL,GOOGL,150.2,154.83,57109700
2024-04-26,GOOGL,GOOGL,173.06,170.66,64665300
2024-04-29,GOOGL,GOOGL,167.79,164.9,45610000
2024-04-30,GOOGL,GOOGL,164.37,161.56,33562900
2024-05-01,GOOGL,GOOGL,163.07,162.63,33493200
2024-05-02,GOOGL,GOOGL,163.55,165.37,24294500
2024-05-03,GOOGL,GOOGL,166.3,165.99,34662400
2024-05-06,GOOGL,GOOGL,166.2,166.84,21871300
2024-05-07,GOOGL,GOOGL,167.24,169.97,28039700
2024-05-08,GOOGL,GOOGL,167.73,168.11,19569100
2024-05-09,GOOGL,GOOGL,168.12,168.69,15346700
2024-05-10,GOOGL,GOOGL,166.77,167.39,29799900
2024-05-13,GOOGL,GOOGL,163.03,167.87,31327600
2024-05-14,GOOGL,GOOGL,168.5,169.06,25127100
2024-05-15,GOOGL,GOOGL,169.35,171.22,26948400
2024-05-16,GOOGL,GOOGL,171.99,172.87,27867900
2024-05-17,GOOGL,GOOGL,172.87,174.74,24479300
2024-05-20,GOOGL,GOOGL,174.87,175.59,22554400
2024-05-21,GOOGL,GOOGL,175.57,176.52,16989400
2024-05-22,GOOGL,GOOGL,175.32,175.06,17880000
2024-05-23,GOOGL,GOOGL,175.74,172.25,21024900
2024-05-24,GOOGL,GOOGL,173.67,173.68,16579400
2024-05-28,GOOGL,GOOGL,173.14,175.08,20572200
2024-05-29,GOOGL,GOOGL,174.11,174.58,23388700
2024-05-30,GOOGL,GOOGL,173.89,170.82,22931500
2024-05-31,GOOGL,GOOGL,170.57,171.21,37638900
2024-06-03,GOOGL,GOOGL,171.25,171.87,27459100
2024-06-04,GOOGL,GOOGL,171.98,172.49,26879600
2024-06-05,GOOGL,GOOGL,173.89,174.09,22068500
2024-06-06,GOOGL,GOOGL,174.58,175.4,23251000
2024-06-07,GOOGL,GOOGL,175.72,173.15,19661400
2024-06-10,GOOGL,GOOGL,173.86,173.9,23726700
2024-06-11,GOOGL,GOOGL,175.1,175.5,21540600
2024-06-12,GOOGL,GOOGL,177.12,176.66,27864700
2024-06-13,GOOGL,GOOGL,174.99,174.05,20913300
2024-06-14,GOOGL,GOOGL,173.11,175.67,18063600
2024-06-17,GOOGL,GOOGL,174.34,176.11,19618500
2024-06-18,GOOGL,GOOGL,176.01,173.98,21869900
2024-06-20,GOOGL,GOOGL,174.25,175.18,20160100
2024-06-21,GOOGL,GOOGL,175.87,178.49,57759000
2024-06-24,GOOGL,GOOGL,179.01,178.08,18298000
2024-06-25,GOOGL,GOOGL,178.48,182.86,23130200
2024-06-26,GOOGL,GOOGL,181.47,182.71,19839000
2024-06-27,GOOGL,GOOGL,183.01,184.23,18848900
2024-06-28,GOOGL,GOOGL,183.15,180.99,29156600
2024-07-01,GOOGL,GOOGL,181.87,181.83,16006100
2024-07-02,GOOGL,GOOGL,180.89,184.06,17372500
2024-07-03,GOOGL,GOOGL,183.67,184.64,10242100
2024-07-05,GOOGL,GOOGL,184.68,189.39,20967500
2024-07-08,GOOGL,GOOGL,188.69,187.83,21035900
2024-07-09,GOOGL,GOOGL,189.1,187.78,15121400
2024-07-10,GOOGL,GOOGL,187.95,189.96,15952500
2024-07-11,GOOGL,GOOGL,188.64,184.39,25625800
2024-07-12,GOOGL,GOOGL,183.9,183.89,22898400
2024-07-15,GOOGL,GOOGL,183.74,185.34,16474000
2024-07-16,GOOGL,GOOGL,186.17,182.75,18290700
2024-07-17,GOOGL,GOOGL,181.81,179.87,20734100
2024-07-18,GOOGL,GOOGL,180.77,176.56,25315700
2024-07-19,GOOGL,GOOGL,177.74,176.53,18881900
2024-07-22,GOOGL,GOOGL,179.44,180.51,24100300
2024-07-23,GOOGL,GOOGL,180.89,180.63,36352700
2024-07-24,GOOGL,GOOGL,172.5,171.53,49585200
2024-07-25,GOOGL,GOOGL,171.42,166.22,44852000
2024-07-26,GOOGL,GOOGL,166.09,165.94,41336900
2024-07-29,GOOGL,GOOGL,167.76,168.45,20293800
2024-07-30,GOOGL,GOOGL,169.16,169.21,18959700
2024-07-31,GOOGL,GOOGL,172.14,170.45,25729100
2024-08-01,GOOGL,GOOGL,169.17,169.67,24531400
2024-08-02,GOOGL,GOOGL,165.38,165.6,29130100
2024-08-05,GOOGL,GOOGL,154.51,158.24,53630700
2024-08-06,GOOGL,GOOGL,158.32,157.28,49004600
2024-08-07,GOOGL,GOOGL,160.22,157.93,25138600
2024-08-08,GOOGL,GOOGL,159.49,161.0,25578800
2024-08-09,GOOGL,GOOGL,158.99,162.63,28602300
2024-08-12,GOOGL,GOOGL,163.3,161.26,15895300
2024-08-13,GOOGL,GOOGL,162.37,163.12,18551700
2024-08-14,GOOGL,GOOGL,161.37,159.35,40591100
2024-08-15,GOOGL,GOOGL,159.48,160.27,31524300
2024-08-16,GOOGL,GOOGL,160.44,161.92,24208600
2024-08-19,GOOGL,GOOGL,164.23,165.61,22416200
2024-08-20,GOOGL,GOOGL,165.84,166.12,18341500
2024-08-21,GOOGL,GOOGL,164.1,164.8,22902000
2024-08-22,GOOGL,GOOGL,166.2,162.76,22493300
2024-08-23,GOOGL,GOOGL,163.67,164.57,13955700
2024-08-26,GOOGL,GOOGL,165.32,165.1,14190400
2024-08-27,GOOGL,GOOGL,164.79,163.63,11821900
2024-08-28,GOOGL,GOOGL,163.99,161.81,16407400
2024-08-29,GOOGL,GOOGL,163.26,160.75,19699800
2024-08-30,GOOGL,GOOGL,161.59,162.34,22123800
2024-09-03,GOOGL,GOOGL,160.69,156.36,38945300
2024-09-04,GOOGL,GOOGL,155.66,155.45,19353800
2024-09-05,GOOGL,GOOGL,155.31,156.24,18688700
2024-09-06,GOOGL,GOOGL,156.3,149.96,37912100
2024-09-09,GOOGL,GOOGL,151.74,147.96,39260500
2024-09-10,GOOGL,GOOGL,149.69,147.91,31118800
2024-09-11,GOOGL,GOOGL,149.16,150.4,29607700
2024-09-12,GOOGL,GOOGL,153.02,153.91,29621500
2024-09-13,GOOGL,GOOGL,154.65,156.67,29591200
2024-09-16,GOOGL,GOOGL,156.52,157.26,18379800
2024-09-17,GOOGL,GOOGL,158.22,158.52,20715600
2024-09-18,GOOGL,GOOGL,159.05,159.0,23677300
2024-09-19,GOOGL,GOOGL,162.88,161.32,26587700
2024-09-20,GOOGL,GOOGL,162.68,162.77,40896400
2024-09-23,GOOGL,GOOGL,163.52,161.03,24150900
2024-09-24,GOOGL,GOOGL,162.21,161.47,23332100
2024-09-25,GOOGL,GOOGL,160.66,160.68,18869200
2024-09-26,GOOGL,GOOGL,162.82,161.91,20319300
2024-09-27,GOOGL,GOOGL,161.99,163.12,21101300
2024-09-30,GOOGL,GOOGL,162.5,165.01,20413900
2024-10-01,GOOGL,GOOGL,166.84,166.15,28338100
2024-10-02,GOOGL,GOOGL,165.58,165.02,17760200
2024-10-03,GOOGL,GOOGL,163.58,165.02,15073100
2024-10-04,GOOGL,GOOGL,167.21,166.22,19047400
2024-10-07,GOOGL,GOOGL,166.87,162.16,22463100
2024-10-08,GOOGL,GOOGL,163.11,163.55,23072700
2024-10-09,GOOGL,GOOGL,162.63,161.04,31181800
2024-10-10,GOOGL,GOOGL,160.06,161.26,14144100
2024-10-11,GOOGL,GOOGL,161.31,162.42,15344300
2024-10-14,GOOGL,GOOGL,162.82,164.13,19016100
2024-10-15,GOOGL,GOOGL,164.95,164.63,20247200
2024-10-16,GOOGL,GOOGL,163.7,164.33,16406000
2024-10-17,GOOGL,GOOGL,164.89,162.11,21453400
2024-10-18,GOOGL,GOOGL,162.37,162.6,19757700
2024-10-21,GOOGL,GOOGL,162.13,163.24,20946500
2024-10-22,GOOGL,GOOGL,162.16,164.31,16568100
2024-10-23,GOOGL,GOOGL,163.93,161.96,18280500
2024-10-24,GOOGL,GOOGL,162.01,161.9,22412500
2024-10-25,GOOGL,GOOGL,162.84,164.44,19828900
2024-10-28,GOOGL,GOOGL,167.9,165.88,32138600
2024-10-29,GOOGL,GOOGL,166.88,168.82,42169000
2024-10-30,GOOGL,GOOGL,179.77,173.58,68890800
2024-10-31,GOOGL,GOOGL,172.26,170.25,44769000
2024-11-01,GOOGL,GOOGL,169.21,170.43,31796500
2024-11-04,GOOGL,GOOGL,169.07,168.39,21492700
2024-11-05,GOOGL,GOOGL,168.58,168.88,18242100
2024-11-06,GOOGL,GOOGL,172.92,175.62,33695500
2024-11-07,GOOGL,GOOGL,176.52,179.84,25352900
2024-11-08,GOOGL,GOOGL,179.74,177.45,22006200
2024-11-11,GOOGL,GOOGL,177.68,179.44,17450400
2024-11-12,GOOGL,GOOGL,178.91,180.7,25134900
2024-11-13,GOOGL,GOOGL,179.55,177.98,23184000
2024-11-14,GOOGL,GOOGL,177.38,174.69,31007500
2024-11-15,GOOGL,GOOGL,172.85,171.62,32504600
2024-11-18,GOOGL,GOOGL,172.55,174.42,20135300
2024-11-19,GOOGL,GOOGL,172.84,177.22,23434900
2024-11-20,GOOGL,GOOGL,176.45,175.09,18997100
2024-11-21,GOOGL,GOOGL,173.02,166.78,59734400
2024-11-22,GOOGL,GOOGL,165.01,163.93,38604600
2024-11-25,GOOGL,GOOGL,165.25,166.8,33135300
2024-11-26,GOOGL,GOOGL,166.78,168.27,20486700
2024-11-27,GOOGL,GOOGL,168.15,168.38,19266500
2024-11-29,GOOGL,GOOGL,167.65,168.1,14257200
2024-12-02,GOOGL,GOOGL,167.92,170.63,23789100
2024-12-03,GOOGL,GOOGL,170.63,170.48,22248700
2024-12-04,GOOGL,GOOGL,170.29,173.49,31615100
2024-12-05,GOOGL,GOOGL,174.48,171.77,21356200
2024-12-06,GOOGL,GOOGL,171.16,173.83,21462400
2024-12-09,GOOGL,GOOGL,173.28,174.69,25389600
2024-12-10,GOOGL,GOOGL,182.14,184.45,54813000
2024-12-11,GOOGL,GOOGL,184.59,194.64,67894100
2024-12-12,GOOGL,GOOGL,194.24,191.21,34817500
2024-12-13,GOOGL,GOOGL,190.26,189.08,25143500
2024-12-16,GOOGL,GOOGL,192.12,195.89,44934900
2024-12-17,GOOGL,GOOGL,196.48,194.66,43504000
2024-12-18,GOOGL,GOOGL,194.46,187.67,34166100
2024-12-19,GOOGL,GOOGL,190.88,187.77,32265200
2024-12-20,GOOGL,GOOGL,185.06,190.66,63462900
2024-12-23,GOOGL,GOOGL,191.87,193.87,25675000
2024-12-24,GOOGL,GOOGL,194.08,195.34,10403300
2024-12-26,GOOGL,GOOGL,194.39,194.84,12046600
2024-12-27,GOOGL,GOOGL,194.19,192.01,18891400
2024-12-30,GOOGL,GOOGL,189.06,190.49,14264700
2024-12-31,GOOGL,GOOGL,190.33,188.56,17466900
2025-01-02,GOOGL,GOOGL,189.91,188.69,20370800
2025-01-03,GOOGL,GOOGL,190.62,191.04,18596200
2025-01-06,GOOGL,GOOGL,193.22,196.1,29563600
2025-01-07,GOOGL,GOOGL,196.34,194.73,26487200
2025-01-08,GOOGL,GOOGL,191.82,193.19,24864800
2025-01-10,GOOGL,GOOGL,193.54,191.29,26665200
2025-01-13,GOOGL,GOOGL,189.33,190.26,21823700
2025-01-14,GOOGL,GOOGL,190.49,188.92,17174900
2025-01-15,GOOGL,GOOGL,192.34,194.79,21776000
2025-01-16,GOOGL,GOOGL,193.38,192.16,17815400
2025-01-17,GOOGL,GOOGL,195.76,195.24,27735100
2025-01-21,GOOGL,GOOGL,198.29,197.28,29971300
2025-01-22,GOOGL,GOOGL,198.28,197.6,26200600
2025-01-23,GOOGL,GOOGL,197.37,197.21,26951400
2025-01-24,GOOGL,GOOGL,197.33,199.43,23877500
2025-01-27,GOOGL,GOOGL,191.66,191.06,41728900
2025-01-28,GOOGL,GOOGL,192.0,194.54,24157900
2025-01-29,GOOGL,GOOGL,194.8,194.65,18218300
2025-01-30,GOOGL,GOOGL,197.23,200.09,24354700
2025-01-31,GOOGL,GOOGL,201.21,203.22,32001100
2025-02-03,GOOGL,GOOGL,199.91,200.44,27838300
2025-02-04,GOOGL,GOOGL,202.6,205.57,43856400
2025-02-05,GOOGL,GOOGL,190.32,190.58,70373900
2025-02-06,GOOGL,GOOGL,188.76,190.85,29297400
2025-02-07,GOOGL,GOOGL,190.3,184.62,49315000
2025-02-10,GOOGL,GOOGL,186.62,185.74,23105600
2025-02-11,GOOGL,GOOGL,184.31,184.6,21239500
2025-02-12,GOOGL,GOOGL,182.51,182.89,22072600
2025-02-13,GOOGL,GOOGL,183.6,185.41,21402500
2025-02-14,GOOGL,GOOGL,184.34,184.51,20448400
2025-02-18,GOOGL,GOOGL,184.88,183.05,29916700
2025-02-19,GOOGL,GOOGL,183.35,184.55,19549400
2025-02-20,GOOGL,GOOGL,184.08,183.84,20441500
2025-02-21,GOOGL,GOOGL,184.43,178.96,35199200
2025-02-24,GOOGL,GOOGL,181.28,178.55,29854200
2025-02-25,GOOGL,GOOGL,177.35,174.74,41913400
2025-02-26,GOOGL,GOOGL,174.39,172.06,35431300
2025-02-27,GOOGL,GOOGL,173.31,167.84,39991000
2025-02-28,GOOGL,GOOGL,168.02,169.62,48130600
2025-03-03,GOOGL,GOOGL,171.26,166.36,40770500
2025-03-04,GOOGL,GOOGL,165.59,170.25,45388000
2025-03-05,GOOGL,GOOGL,169.85,172.35,30954900
2025-03-06,GOOGL,GOOGL,169.86,171.68,28302000
2025-03-07,GOOGL,GOOGL,170.59,173.18,27385800
2025-03-10,GOOGL,GOOGL,167.8,165.41,43604000
2025-03-11,GOOGL,GOOGL,164.46,163.59,39587400
2025-03-12,GOOGL,GOOGL,166.12,166.65,28372400
2025-03-13,GOOGL,GOOGL,165.58,162.31,31756200
2025-03-14,GOOGL,GOOGL,162.82,165.03,31995900
2025-03-17,GOOGL,GOOGL,164.58,163.84,31184300
2025-03-18,GOOGL,GOOGL,163.23,160.23,42074800
2025-03-19,GOOGL,GOOGL,161.31,163.44,34275600
2025-03-20,GOOGL,GOOGL,161.13,162.35,28138500
2025-03-21,GOOGL,GOOGL,160.77,163.54,36625800
2025-03-24,GOOGL,GOOGL,166.61,167.22,30879100
2025-03-25,GOOGL,GOOGL,168.51,170.09,24174400
2025-03-26,GOOGL,GOOGL,168.53,164.61,28901600
2025-03-27,GOOGL,GOOGL,164.18,161.79,24508300
2025-03-28,GOOGL,GOOGL,160.05,153.9,48669300
2025-03-31,GOOGL,GOOGL,152.69,154.21,54603500
2025-04-01,GOOGL,GOOGL,153.2,156.64,30672900
2025-04-02,GOOGL,GOOGL,154.72,156.61,25041700
2025-04-03,GOOGL,GOOGL,150.69,150.3,46883400
2025-04-04,GOOGL,GOOGL,147.6,145.2,62259500
2025-04-07,GOOGL,GOOGL,141.16,146.35,76794100
2025-04-08,GOOGL,GOOGL,150.8,144.3,52200200
2025-04-09,GOOGL,GOOGL,144.02,158.27,70406200
2025-04-10,GOOGL,GOOGL,156.11,152.4,48022000
2025-04-11,GOOGL,GOOGL,152.48,156.71,33636200
2025-04-14,GOOGL,GOOGL,159.56,158.63,30333000
2025-04-15,GOOGL,GOOGL,158.69,155.88,27551500
2025-04-16,GOOGL,GOOGL,152.68,152.91,28187400
2025-04-17,GOOGL,GOOGL,153.87,150.74,33046600
2025-04-21,GOOGL,GOOGL,148.47,147.26,26049100
2025-04-22,GOOGL,GOOGL,148.48,151.05,26971800
2025-04-23,GOOGL,GOOGL,155.18,154.92,31128800
2025-04-24,GOOGL,GOOGL,155.72,158.84,45894000
2025-04-25,GOOGL,GOOGL,164.62,161.51,56034000
2025-04-28,GOOGL,GOOGL,161.98,160.17,29745800
2025-04-29,GOOGL,GOOGL,159.88,159.72,26809000
2025-04-30,GOOGL,GOOGL,157.54,158.36,34981100
2025-05-01,GOOGL,GOOGL,160.01,160.86,30203200
2025-05-02,GOOGL,GOOGL,162.96,163.58,25715000
2025-05-05,GOOGL,GOOGL,162.55,163.76,21341800
2025-05-06,GOOGL,GOOGL,161.72,162.78,21277200
2025-05-07,GOOGL,GOOGL,163.63,150.96,127490100
2025-05-08,GOOGL,GOOGL,154.57,153.86,57498700
2025-05-09,GOOGL,GOOGL,153.75,152.33,32435300
2025-05-12,GOOGL,GOOGL,157.06,158.02,44138800
2025-05-13,GOOGL,GOOGL,158.35,159.09,42382100
2025-05-14,GOOGL,GOOGL,159.52,164.91,48755900
2025-05-15,GOOGL,GOOGL,165.38,163.51,33146700
2025-05-16,GOOGL,GOOGL,167.27,165.73,42846900
2025-05-19,GOOGL,GOOGL,164.06,166.08,30426100
2025-05-20,GOOGL,GOOGL,165.97,163.53,46607700
2025-05-21,GOOGL,GOOGL,163.24,168.1,73416000
2025-05-22,GOOGL,GOOGL,171.38,170.4,74864400
2025-05-23,GOOGL,GOOGL,168.59,168.01,35211400
2025-05-27,GOOGL,GOOGL,169.69,172.42,37995700
2025-05-28,GOOGL,GOOGL,172.68,171.89,34784000
2025-05-29,GOOGL,GOOGL,173.52,171.39,29317300
2025-05-30,GOOGL,GOOGL,170.88,171.27,52639900
2025-06-02,GOOGL,GOOGL,167.38,168.56,38612300
2025-06-03,GOOGL,GOOGL,167.03,165.72,45084900
2025-06-04,GOOGL,GOOGL,166.28,167.59,26900800
2025-06-05,GOOGL,GOOGL,169.87,167.75,36379100
2025-06-06,GOOGL,GOOGL,170.36,173.2,35731800
2025-06-09,GOOGL,GOOGL,174.27,175.82,28935900
2025-06-10,GOOGL,GOOGL,175.93,178.32,61766100
2025-06-11,GOOGL,GOOGL,179.49,177.08,31646800
2025-06-12,GOOGL,GOOGL,175.91,175.43,20941900
2025-06-13,GOOGL,GOOGL,172.17,174.4,27663100
2025-06-16,GOOGL,GOOGL,174.46,176.5,27389200
2025-06-17,GOOGL,GOOGL,175.43,175.68,24973000
2025-06-18,GOOGL,GOOGL,175.74,173.05,28707500
2025-06-20,GOOGL,GOOGL,173.68,166.38,75659900
2025-06-23,GOOGL,GOOGL,166.01,164.93,57671000
2025-06-24,GOOGL,GOOGL,166.66,166.51,40524300
2025-06-25,GOOGL,GOOGL,167.37,170.42,35479000
2025-06-26,GOOGL,GOOGL,172.16,173.27,31796700
2025-06-27,GOOGL,GOOGL,173.27,178.25,108140200
2025-06-30,GOOGL,GOOGL,180.5,175.96,63378900
2025-07-01,GOOGL,GOOGL,175.47,175.57,35904500
2025-07-02,GOOGL,GOOGL,175.27,178.36,29128900
2025-07-03,GOOGL,GOOGL,178.22,179.25,21689700
2025-07-07,GOOGL,GOOGL,178.78,176.52,34175600
2025-07-08,GOOGL,GOOGL,177.57,174.09,40442500
2025-07-09,GOOGL,GOOGL,174.98,176.35,43025600
2025-07-10,GOOGL,GOOGL,175.36,177.35,29252400
2025-07-11,GOOGL,GOOGL,176.52,179.91,34282900
2025-07-14,GOOGL,GOOGL,180.73,181.28,32536600
2025-07-15,GOOGL,GOOGL,182.53,181.72,33448300
2025-07-16,GOOGL,GOOGL,182.96,182.69,33104200
2025-07-17,GOOGL,GOOGL,181.86,183.3,31992600
2025-07-18,GOOGL,GOOGL,185.11,184.77,34014500
2025-07-21,GOOGL,GOOGL,185.96,189.81,45803100
2025-07-22,GOOGL,GOOGL,191.2,191.04,44660200
2025-07-23,GOOGL,GOOGL,191.2,189.94,58681900
2025-07-24,GOOGL,GOOGL,196.73,191.87,74881700
2025-07-25,GOOGL,GOOGL,191.68,192.88,39785900
2025-07-28,GOOGL,GOOGL,193.35,192.28,38139500
2025-07-29,GOOGL,GOOGL,192.13,195.45,41389200
2025-07-30,GOOGL,GOOGL,195.3,196.23,32445400
2025-07-31,GOOGL,GOOGL,195.41,191.6,51329200
2025-08-01,GOOGL,GOOGL,188.74,188.84,34832200
2025-08-04,GOOGL,GOOGL,190.0,194.74,31547400
2025-08-05,GOOGL,GOOGL,194.41,194.37,31602300
2025-08-06,GOOGL,GOOGL,194.2,195.79,21562900
2025-08-07,GOOGL,GOOGL,196.76,196.22,26321800
2025-08-08,GOOGL,GOOGL,196.91,201.11,39161800
2025-08-11,GOOGL,GOOGL,200.63,200.69,25832400
2025-08-12,GOOGL,GOOGL,201.06,203.03,30397900
2025-08-13,GOOGL,GOOGL,203.81,201.65,28342900
2025-08-14,GOOGL,GOOGL,201.19,202.63,25230400
2025-08-15,GOOGL,GOOGL,203.53,203.58,34931400
2025-08-18,GOOGL,GOOGL,203.88,203.19,18526600
2025-08-19,GOOGL,GOOGL,202.72,201.26,24240200
2025-08-20,GOOGL,GOOGL,200.42,199.01,28955500
2025-08-21,GOOGL,GOOGL,199.44,199.44,19774600
2025-08-22,GOOGL,GOOGL,202.42,205.77,42827000
2025-08-25,GOOGL,GOOGL,206.11,208.17,29928900
2025-08-26,GOOGL,GOOGL,207.19,206.82,28464100
2025-08-27,GOOGL,GOOGL,205.38,207.16,23022900
2025-08-28,GOOGL,GOOGL,206.93,211.31,32339300
2025-08-29,GOOGL,GOOGL,210.18,212.58,39728400
2025-09-02,GOOGL,GOOGL,208.12,211.02,47523000
2025-09-03,GOOGL,GOOGL,225.86,230.3,103336100
2025-09-04,GOOGL,GOOGL,229.29,231.94,51684200
2025-09-05,GOOGL,GOOGL,231.84,234.64,46588900
2025-09-08,GOOGL,GOOGL,235.32,233.89,32474700
2025-09-09,GOOGL,GOOGL,234.02,239.47,38061000
2025-09-10,GOOGL,GOOGL,238.74,239.01,35141100
2025-09-11,GOOGL,GOOGL,239.72,240.21,30599300
2025-09-12,GOOGL,GOOGL,240.21,240.64,26771600
2025-09-15,GOOGL,GOOGL,244.5,251.45,58383800
2025-09-16,GOOGL,GOOGL,251.92,251.0,34109700
2025-09-17,GOOGL,GOOGL,251.06,249.37,34108000
2025-09-18,GOOGL,GOOGL,251.52,251.87,31239500
2025-09-19,GOOGL,GOOGL,253.08,254.55,55571400
2025-09-22,GOOGL,GOOGL,254.26,252.36,32290500
2025-09-23,GOOGL,GOOGL,252.87,251.5,26628000
2025-09-24,GOOGL,GOOGL,251.5,246.98,28201000
2025-09-25,GOOGL,GOOGL,244.24,245.63,31020400
2025-09-26,GOOGL,GOOGL,246.91,246.38,18503200
2025-09-29,GOOGL,GOOGL,247.69,243.89,32505800
2025-09-30,GOOGL,GOOGL,242.65,242.94,34724300
2025-10-01,GOOGL,GOOGL,240.59,244.74,31658200
2025-10-02,GOOGL,GOOGL,244.99,245.53,25483300
2025-10-03,GOOGL,GOOGL,244.33,245.19,30249600
2025-10-06,GOOGL,GOOGL,244.62,250.27,28894700
2025-10-07,GOOGL,GOOGL,248.11,245.6,23181300
2025-10-08,GOOGL,GOOGL,244.8,244.46,21307100
2025-10-09,GOOGL,GOOGL,244.31,241.37,27892100
2025-10-10,GOOGL,GOOGL,241.27,236.42,33180300
2025-10-13,GOOGL,GOOGL,240.05,243.99,24995000
2025-10-14,GOOGL,GOOGL,241.07,245.29,22111600
2025-10-15,GOOGL,GOOGL,247.09,250.87,27007700
2025-10-16,GOOGL,GOOGL,251.61,251.3,27997200
2025-10-17,GOOGL,GOOGL,250.6,253.13,29671600
2025-10-20,GOOGL,GOOGL,254.52,256.38,22350200
2025-10-21,GOOGL,GOOGL,254.57,250.3,47312100
2025-10-22,GOOGL,GOOGL,254.2,251.53,35029400
2025-10-23,GOOGL,GOOGL,252.81,252.91,19901400
2025-10-24,GOOGL,GOOGL,256.41,259.75,28655100
2025-10-27,GOOGL,GOOGL,264.65,269.09,35235200
2025-10-28,GOOGL,GOOGL,269.51,267.3,29738600
2025-10-29,GOOGL,GOOGL,267.57,274.39,43580300
2025-10-30,GOOGL,GOOGL,291.4,281.3,74876000
2025-10-31,GOOGL,GOOGL,283.02,281.01,39267900
2025-11-03,GOOGL,GOOGL,282.0,283.53,29786000
2025-11-04,GOOGL,GOOGL,276.57,277.36,30078400
2025-11-05,GOOGL,GOOGL,278.69,284.12,31010300
2025-11-06,GOOGL,GOOGL,285.14,284.56,37173600
2025-11-07,GOOGL,GOOGL,283.02,278.65,34479600
2025-11-10,GOOGL,GOOGL,284.23,289.91,29557300
2025-11-11,GOOGL,GOOGL,287.56,291.12,19842100
2025-11-12,GOOGL,GOOGL,291.49,286.52,24829900
2025-11-13,GOOGL,GOOGL,282.16,278.39,29494000
2025-11-14,GOOGL,GOOGL,271.23,276.23,31647200
2025-11-17,GOOGL,GOOGL,285.59,284.83,52670200
2025-11-18,GOOGL,GOOGL,287.73,284.09,49158700
2025-11-19,GOOGL,GOOGL,286.97,292.62,68198900
2025-11-20,GOOGL,GOOGL,304.34,289.26,62025200
2025-11-21,GOOGL,GOOGL,296.23,299.46,74137700
2025-11-24,GOOGL,GOOGL,310.93,318.37,85165100
2025-11-25,GOOGL,GOOGL,326.0,323.23,88632100
2025-11-26,GOOGL,GOOGL,320.47,319.74,51373400
2025-11-28,GOOGL,GOOGL,323.16,319.97,26018600
2025-12-01,GOOGL,GOOGL,317.49,314.68,41183000
2025-12-02,GOOGL,GOOGL,316.53,315.6,35854700
2025-12-03,GOOGL,GOOGL,315.68,319.42,41838300
2025-12-04,GOOGL,GOOGL,322.02,317.41,31240900
2025-12-05,GOOGL,GOOGL,319.28,321.06,28851700
2025-12-08,GOOGL,GOOGL,320.05,313.72,33909400
2025-12-09,GOOGL,GOOGL,312.37,317.08,30194000
2025-12-10,GOOGL,GOOGL,315.83,320.21,33428900
2025-12-11,GOOGL,GOOGL,320.08,312.43,42353700
2025-12-12,GOOGL,GOOGL,313.7,309.29,35940200
2025-12-15,GOOGL,GOOGL,311.32,308.22,29151900
2025-12-16,GOOGL,GOOGL,304.95,306.57,30585000
2025-12-17,GOOGL,GOOGL,308.01,296.72,43930400
2025-12-18,GOOGL,GOOGL,301.72,302.46,33518000
2025-12-19,GOOGL,GOOGL,301.73,307.16,59943200
2025-12-22,GOOGL,GOOGL,309.88,309.78,26429900
2025-12-23,GOOGL,GOOGL,309.63,314.35,25478700
2025-12-24,GOOGL,GOOGL,314.77,314.09,10097400
2025-12-26,GOOGL,GOOGL,314.48,313.51,10899000
2025-12-29,GOOGL,GOOGL,311.37,313.56,19621800
2025-12-30,GOOGL,GOOGL,312.5,313.85,17380900
2025-12-31,GOOGL,GOOGL,312.85,313.0,16377700
2026-01-02,GOOGL,GOOGL,316.9,315.15,32009400
2026-01-05,GOOGL,GOOGL,317.66,316.54,30195600
2026-01-06,GOOGL,GOOGL,316.4,314.34,31212100
2026-01-07,GOOGL,GOOGL,314.36,321.98,35104400
2026-01-08,GOOGL,GOOGL,328.97,325.44,31896100
2026-01-09,GOOGL,GOOGL,327.09,328.57,26214200
2026-01-12,GOOGL,GOOGL,325.8,331.86,33923900
2026-01-13,GOOGL,GOOGL,334.95,335.97,33517600
2026-01-14,GOOGL,GOOGL,335.06,335.84,28525600
2026-01-15,GOOGL,GOOGL,337.65,332.78,28442400
2026-01-16,GOOGL,GOOGL,334.41,330.0,40341600
2026-01-20,GOOGL,GOOGL,320.87,322.0,35361000
2026-01-21,GOOGL,GOOGL,320.92,328.38,35386600
2026-01-22,GOOGL,GOOGL,334.45,330.54,26253600
2026-01-23,GOOGL,GOOGL,332.49,327.93,27280000
2026-01-26,GOOGL,GOOGL,327.81,333.26,26042100
2023-07-03,AMZN,AMZN,130.82,130.22,28264800
2023-07-05,AMZN,AMZN,130.24,130.38,35895400
2023-07-06,AMZN,AMZN,128.25,128.36,40639900
2023-07-07,AMZN,AMZN,128.59,129.78,41992300
2023-07-10,AMZN,AMZN,129.07,127.13,61889300
2023-07-11,AMZN,AMZN,127.75,128.78,49951500
2023-07-12,AMZN,AMZN,130.31,130.8,54022800
2023-07-13,AMZN,AMZN,134.04,134.3,61170900
2023-07-14,AMZN,AMZN,134.06,134.68,54487100
2023-07-17,AMZN,AMZN,134.56,133.56,48450200
2023-07-18,AMZN,AMZN,132.71,132.83,54882900
2023-07-19,AMZN,AMZN,133.39,135.36,54531000
2023-07-20,AMZN,AMZN,134.07,129.96,59820600
2023-07-21,AMZN,AMZN,131.34,130.0,133307300
2023-07-24,AMZN,AMZN,130.31,128.8,45591100
2023-07-25,AMZN,AMZN,129.31,129.13,39236700
2023-07-26,AMZN,AMZN,126.51,128.15,53910100
2023-07-27,AMZN,AMZN,131.0,128.25,52610700
2023-07-28,AMZN,AMZN,129.69,132.21,46317400
2023-07-31,AMZN,AMZN,133.2,133.68,41901500
2023-08-01,AMZN,AMZN,133.55,131.69,42098500
2023-08-02,AMZN,AMZN,130.15,128.21,51027600
2023-08-03,AMZN,AMZN,127.48,128.91,88585200
2023-08-04,AMZN,AMZN,141.06,139.57,153128500
2023-08-07,AMZN,AMZN,140.99,142.22,71213100
2023-08-08,AMZN,AMZN,140.62,139.94,51710500
2023-08-09,AMZN,AMZN,139.97,137.85,50017300
2023-08-10,AMZN,AMZN,139.07,138.56,58928400
2023-08-11,AMZN,AMZN,137.4,138.41,42905800
2023-08-14,AMZN,AMZN,138.3,140.57,47148700
2023-08-15,AMZN,AMZN,140.05,137.67,42781500
2023-08-16,AMZN,AMZN,137.19,135.07,41675900
2023-08-17,AMZN,AMZN,135.46,133.98,48354100
2023-08-18,AMZN,AMZN,131.62,133.22,48497700
2023-08-21,AMZN,AMZN,133.74,134.68,41442500
2023-08-22,AMZN,AMZN,135.08,134.25,32905400
2023-08-23,AMZN,AMZN,134.5,135.52,42801000
2023-08-24,AMZN,AMZN,136.4,131.84,43646300
2023-08-25,AMZN,AMZN,132.47,133.26,44147500
2023-08-28,AMZN,AMZN,133.78,133.14,34108400
2023-08-29,AMZN,AMZN,133.38,134.91,38646100
2023-08-30,AMZN,AMZN,134.93,135.07,36137000
2023-08-31,AMZN,AMZN,135.06,138.01,58781300
2023-09-01,AMZN,AMZN,139.46,138.12,40991500
2023-09-05,AMZN,AMZN,137.73,137.27,40636700
2023-09-06,AMZN,AMZN,136.32,135.36,41785500
2023-09-07,AMZN,AMZN,133.9,137.85,48498900
2023-09-08,AMZN,AMZN,136.86,138.23,38348200
2023-09-11,AMZN,AMZN,138.75,143.1,56764500
2023-09-12,AMZN,AMZN,142.32,141.23,42668500
2023-09-13,AMZN,AMZN,140.95,144.85,60465200
2023-09-14,AMZN,AMZN,145.08,144.72,64033600
2023-09-15,AMZN,AMZN,142.69,140.39,102909300
2023-09-18,AMZN,AMZN,140.48,139.98,42823500
2023-09-19,AMZN,AMZN,138.7,137.63,61482500
2023-09-20,AMZN,AMZN,138.55,135.29,46263700
2023-09-21,AMZN,AMZN,131.94,129.33,70343300
2023-09-22,AMZN,AMZN,131.11,129.12,59904300
2023-09-25,AMZN,AMZN,129.36,131.27,46017800
2023-09-26,AMZN,AMZN,130.12,125.98,73048200
2023-09-27,AMZN,AMZN,125.76,125.98,66553400
2023-09-28,AMZN,AMZN,124.04,125.98,54555000
2023-09-29,AMZN,AMZN,128.2,127.12,62411700
2023-10-02,AMZN,AMZN,127.28,129.46,48029700
2023-10-03,AMZN,AMZN,128.06,124.72,51565000
2023-10-04,AMZN,AMZN,126.06,127.0,44203900
2023-10-05,AMZN,AMZN,126.71,125.96,39660600
2023-10-06,AMZN,AMZN,124.16,127.96,46836700
2023-10-09,AMZN,AMZN,126.22,128.26,38773700
2023-10-10,AMZN,AMZN,128.82,129.48,42178600
2023-10-11,AMZN,AMZN,129.74,131.83,40741800
2023-10-12,AMZN,AMZN,132.17,132.33,55528600
2023-10-13,AMZN,AMZN,132.98,129.79,45786600
2023-10-16,AMZN,AMZN,130.69,132.55,42832900
2023-10-17,AMZN,AMZN,130.39,131.47,49344600
2023-10-18,AMZN,AMZN,129.9,128.13,42699500
2023-10-19,AMZN,AMZN,130.57,128.4,60961400
2023-10-20,AMZN,AMZN,128.05,125.17,56406400
2023-10-23,AMZN,AMZN,124.63,126.56,48260000
2023-10-24,AMZN,AMZN,127.74,128.56,46477400
2023-10-25,AMZN,AMZN,126.04,121.39,74577500
2023-10-26,AMZN,AMZN,120.63,119.57,100419500
2023-10-27,AMZN,AMZN,126.2,127.74,125309300
2023-10-30,AMZN,AMZN,129.72,132.71,72485500
2023-10-31,AMZN,AMZN,132.75,133.09,51589400
2023-11-01,AMZN,AMZN,133.96,137.0,61529400
2023-11-02,AMZN,AMZN,138.73,138.07,52236700
2023-11-03,AMZN,AMZN,138.99,138.6,44059800
2023-11-06,AMZN,AMZN,138.76,139.74,44970400
2023-11-07,AMZN,AMZN,140.55,142.71,53553500
2023-11-08,AMZN,AMZN,142.97,142.08,44521700
2023-11-09,AMZN,AMZN,142.02,140.6,36235400
2023-11-10,AMZN,AMZN,140.46,143.56,49287800
2023-11-13,AMZN,AMZN,142.08,142.59,35680600
2023-11-14,AMZN,AMZN,145.0,145.8,56674600
2023-11-15,AMZN,AMZN,147.06,143.2,63875700
2023-11-16,AMZN,AMZN,140.91,142.83,49653500
2023-11-17,AMZN,AMZN,142.66,145.18,49636700
2023-11-20,AMZN,AMZN,145.13,146.13,41951200
2023-11-21,AMZN,AMZN,143.91,143.9,71226000
2023-11-22,AMZN,AMZN,144.57,146.71,45669100
2023-11-24,AMZN,AMZN,146.7,146.74,22378400
2023-11-27,AMZN,AMZN,147.53,147.73,53762400
2023-11-28,AMZN,AMZN,146.98,147.03,42711700
2023-11-29,AMZN,AMZN,147.85,146.32,40610900
2023-11-30,AMZN,AMZN,144.76,146.09,65814000
2023-12-01,AMZN,AMZN,146.0,147.03,39951800
2023-12-04,AMZN,AMZN,145.25,144.84,48294200
2023-12-05,AMZN,AMZN,143.55,146.88,46822400
2023-12-06,AMZN,AMZN,147.58,144.52,39679000
2023-12-07,AMZN,AMZN,146.15,146.88,52352800
2023-12-08,AMZN,AMZN,145.48,147.42,41906000
2023-12-11,AMZN,AMZN,145.66,145.89,50907300
2023-12-12,AMZN,AMZN,145.52,147.48,44944300
2023-12-13,AMZN,AMZN,148.12,148.84,52766200
2023-12-14,AMZN,AMZN,149.93,147.42,58400800
2023-12-15,AMZN,AMZN,148.38,149.97,110089300
2023-12-18,AMZN,AMZN,150.56,154.07,62512800
2023-12-19,AMZN,AMZN,154.4,153.79,43171300
2023-12-20,AMZN,AMZN,152.9,152.12,50322100
2023-12-21,AMZN,AMZN,153.3,153.84,36305700
2023-12-22,AMZN,AMZN,153.77,153.42,29514100
2023-12-26,AMZN,AMZN,153.56,153.41,25067200
2023-12-27,AMZN,AMZN,153.56,153.34,31434700
2023-12-28,AMZN,AMZN,153.72,153.38,27057000
2023-12-29,AMZN,AMZN,153.1,151.94,39823200
2024-01-02,AMZN,AMZN,151.54,149.93,47339400
2024-01-03,AMZN,AMZN,149.2,148.47,49425500
2024-01-04,AMZN,AMZN,145.59,144.57,56039800
2024-01-05,AMZN,AMZN,144.69,145.24,45153100
2024-01-08,AMZN,AMZN,146.74,149.1,46757100
2024-01-09,AMZN,AMZN,148.33,151.37,43812600
2024-01-10,AMZN,AMZN,152.06,153.73,44421800
2024-01-11,AMZN,AMZN,155.04,155.18,49072700
2024-01-12,AMZN,AMZN,155.39,154.62,40484200
2024-01-16,AMZN,AMZN,153.53,153.16,41384600
2024-01-17,AMZN,AMZN,151.49,151.71,34953400
2024-01-18,AMZN,AMZN,152.77,153.5,37850200
2024-01-19,AMZN,AMZN,153.83,155.34,51651600
2024-01-22,AMZN,AMZN,156.89,154.78,43687500
2024-01-23,AMZN,AMZN,154.85,156.02,37986000
2024-01-24,AMZN,AMZN,157.8,156.87,48547300
2024-01-25,AMZN,AMZN,156.95,157.75,43638600
2024-01-26,AMZN,AMZN,158.42,159.12,51047400
2024-01-29,AMZN,AMZN,159.34,161.26,45270400
2024-01-30,AMZN,AMZN,160.7,159.0,45207400
2024-01-31,AMZN,AMZN,157.0,155.2,50284400
2024-02-01,AMZN,AMZN,155.87,159.28,76542400
2024-02-02,AMZN,AMZN,169.19,171.81,117218300
2024-02-05,AMZN,AMZN,170.2,170.31,55081300
2024-02-06,AMZN,AMZN,169.39,169.15,42505500
2024-02-07,AMZN,AMZN,169.48,170.53,47174100
2024-02-08,AMZN,AMZN,169.65,169.84,42316500
2024-02-09,AMZN,AMZN,170.9,174.45,56986000
2024-02-12,AMZN,AMZN,174.8,172.34,51050400
2024-02-13,AMZN,AMZN,167.73,168.64,56345100
2024-02-14,AMZN,AMZN,169.21,170.98,42815500
2024-02-15,AMZN,AMZN,170.58,169.8,49855200
2024-02-16,AMZN,AMZN,168.74,169.51,48107700
2024-02-20,AMZN,AMZN,167.83,167.08,41980300
2024-02-21,AMZN,AMZN,168.94,168.59,44420100
2024-02-22,AMZN,AMZN,173.1,174.58,55392400
2024-02-23,AMZN,AMZN,174.28,174.99,59715200
2024-02-26,AMZN,AMZN,175.7,174.73,44368600
2024-02-27,AMZN,AMZN,174.08,173.54,31141700
2024-02-28,AMZN,AMZN,172.44,173.16,28180500
2024-02-29,AMZN,AMZN,173.01,176.76,53805400
2024-03-01,AMZN,AMZN,176.75,178.22,31981200
2024-03-04,AMZN,AMZN,177.53,177.58,37381500
2024-03-05,AMZN,AMZN,176.93,174.12,37228300
2024-03-06,AMZN,AMZN,175.54,173.51,32090900
2024-03-07,AMZN,AMZN,174.83,176.82,34063300
2024-03-08,AMZN,AMZN,176.44,175.35,37893200
2024-03-11,AMZN,AMZN,174.31,171.96,28484800
2024-03-12,AMZN,AMZN,173.5,175.39,36610600
2024-03-13,AMZN,AMZN,175.9,176.56,30772600
2024-03-14,AMZN,AMZN,177.69,178.75,43705800
2024-03-15,AMZN,AMZN,176.64,174.42,72147400
2024-03-18,AMZN,AMZN,175.8,174.48,31250700
2024-03-19,AMZN,AMZN,174.22,175.9,26880900
2024-03-20,AMZN,AMZN,176.14,178.15,29947200
2024-03-21,AMZN,AMZN,179.99,178.15,32824300
2024-03-22,AMZN,AMZN,177.75,178.87,27995400
2024-03-25,AMZN,AMZN,178.01,179.71,29815500
2024-03-26,AMZN,AMZN,180.15,178.3,29659000
2024-03-27,AMZN,AMZN,179.88,179.83,33272600
2024-03-28,AMZN,AMZN,180.17,180.38,38051600
2024-04-01,AMZN,AMZN,180.79,180.97,29174500
2024-04-02,AMZN,AMZN,179.07,180.69,32611500
2024-04-03,AMZN,AMZN,179.9,182.41,31046600
2024-04-04,AMZN,AMZN,184.0,180.0,41624300
2024-04-05,AMZN,AMZN,182.38,185.07,42374000
2024-04-08,AMZN,AMZN,186.9,185.19,39221300
2024-04-09,AMZN,AMZN,187.24,185.67,36520100
2024-04-10,AMZN,AMZN,182.77,185.95,35879200
2024-04-11,AMZN,AMZN,186.74,189.05,40020700
2024-04-12,AMZN,AMZN,187.72,186.13,38608800
2024-04-15,AMZN,AMZN,187.43,183.62,48052400
2024-04-16,AMZN,AMZN,183.27,183.32,32891300
2024-04-17,AMZN,AMZN,184.31,181.28,31359700
2024-04-18,AMZN,AMZN,181.47,179.22,30723800
2024-04-19,AMZN,AMZN,178.74,174.63,56000700
2024-04-22,AMZN,AMZN,176.94,177.23,37924900
2024-04-23,AMZN,AMZN,178.08,179.54,37046500
2024-04-24,AMZN,AMZN,179.94,176.59,34185100
2024-04-25,AMZN,AMZN,169.68,173.67,49249400
2024-04-26,AMZN,AMZN,177.8,179.62,43919800
2024-04-29,AMZN,AMZN,182.75,180.96,54063900
2024-04-30,AMZN,AMZN,181.09,175.0,94639800
2024-05-01,AMZN,AMZN,181.64,179.0,94645100
2024-05-02,AMZN,AMZN,180.85,184.72,54303500
2024-05-03,AMZN,AMZN,186.99,186.21,39172000
2024-05-06,AMZN,AMZN,186.28,188.7,34725300
2024-05-07,AMZN,AMZN,188.92,188.76,34048900
2024-05-08,AMZN,AMZN,187.44,188.0,26136400
2024-05-09,AMZN,AMZN,188.88,189.5,43368400
2024-05-10,AMZN,AMZN,189.16,187.48,34141800
2024-05-13,AMZN,AMZN,188.0,186.57,24898600
2024-05-14,AMZN,AMZN,183.82,187.07,38698200
2024-05-15,AMZN,AMZN,185.97,185.99,75459900
2024-05-16,AMZN,AMZN,185.6,183.63,38834500
2024-05-17,AMZN,AMZN,183.76,184.7,33175700
2024-05-20,AMZN,AMZN,184.34,183.54,30511800
2024-05-21,AMZN,AMZN,182.3,183.15,50839100
2024-05-22,AMZN,AMZN,183.88,183.13,28148800
2024-05-23,AMZN,AMZN,183.66,181.05,33670200
2024-05-24,AMZN,AMZN,181.65,180.75,27471600
2024-05-28,AMZN,AMZN,179.93,182.15,29927000
2024-05-29,AMZN,AMZN,181.7,182.02,32009300
2024-05-30,AMZN,AMZN,181.31,179.32,29184700
2024-05-31,AMZN,AMZN,178.3,176.44,58903900
2024-06-03,AMZN,AMZN,177.7,178.34,30786600
2024-06-04,AMZN,AMZN,177.64,179.34,27198400
2024-06-05,AMZN,AMZN,180.1,181.28,32116400
2024-06-06,AMZN,AMZN,181.75,185.0,31371200
2024-06-07,AMZN,AMZN,184.9,184.3,28021500
2024-06-10,AMZN,AMZN,184.07,187.06,34445600
2024-06-11,AMZN,AMZN,187.06,187.23,27265100
2024-06-12,AMZN,AMZN,188.02,186.89,33984200
2024-06-13,AMZN,AMZN,186.09,183.83,39721500
2024-06-14,AMZN,AMZN,183.08,183.66,25456400
2024-06-17,AMZN,AMZN,182.52,184.06,35601900
2024-06-18,AMZN,AMZN,183.74,182.81,36659200
2024-06-20,AMZN,AMZN,182.91,186.1,44726800
2024-06-21,AMZN,AMZN,187.8,189.08,70792500
2024-06-24,AMZN,AMZN,189.33,185.57,50610400
2024-06-25,AMZN,AMZN,186.81,186.34,45366400
2024-06-26,AMZN,AMZN,186.92,193.61,65103900
2024-06-27,AMZN,AMZN,195.01,197.85,74397500
2024-06-28,AMZN,AMZN,197.73,193.25,76930200
2024-07-01,AMZN,AMZN,193.49,197.2,41192000
2024-07-02,AMZN,AMZN,197.28,200.0,45600000
2024-07-03,AMZN,AMZN,199.94,197.59,31597900
2024-07-05,AMZN,AMZN,198.65,200.0,39858900
2024-07-08,AMZN,AMZN,200.04,199.29,34767300
2024-07-09,AMZN,AMZN,199.4,199.34,32700100
2024-07-10,AMZN,AMZN,200.0,199.79,32883800
2024-07-11,AMZN,AMZN,200.09,195.05,44565000
2024-07-12,AMZN,AMZN,194.8,194.49,30598500
2024-07-15,AMZN,AMZN,194.56,192.72,40683200
2024-07-16,AMZN,AMZN,195.59,193.02,33994700
2024-07-17,AMZN,AMZN,191.35,187.93,48076100
2024-07-18,AMZN,AMZN,189.59,183.75,51043600
2024-07-19,AMZN,AMZN,181.14,183.13,43081800
2024-07-22,AMZN,AMZN,185.0,182.55,39931900
2024-07-23,AMZN,AMZN,184.1,186.41,47537700
2024-07-24,AMZN,AMZN,183.2,180.83,41532400
2024-07-25,AMZN,AMZN,182.91,179.85,44464200
2024-07-26,AMZN,AMZN,180.39,182.5,29506000
2024-07-29,AMZN,AMZN,183.84,183.2,33270100
2024-07-30,AMZN,AMZN,184.72,181.71,39508600
2024-07-31,AMZN,AMZN,185.05,186.98,41667300
2024-08-01,AMZN,AMZN,189.29,184.07,70435600
2024-08-02,AMZN,AMZN,166.75,167.9,141448400
2024-08-05,AMZN,AMZN,154.21,161.02,83149400
2024-08-06,AMZN,AMZN,161.71,161.93,59950800
2024-08-07,AMZN,AMZN,166.55,162.77,48408200
2024-08-08,AMZN,AMZN,165.17,165.8,44616200
2024-08-09,AMZN,AMZN,166.4,166.94,36401000
2024-08-12,AMZN,AMZN,168.14,166.8,30072800
2024-08-13,AMZN,AMZN,167.81,170.23,39237900
2024-08-14,AMZN,AMZN,172.11,170.1,28843800
2024-08-15,AMZN,AMZN,174.86,177.59,51698500
2024-08-16,AMZN,AMZN,177.04,177.06,31489200
2024-08-19,AMZN,AMZN,177.64,178.22,31129800
2024-08-20,AMZN,AMZN,177.92,178.88,26255200
2024-08-21,AMZN,AMZN,179.92,180.11,35599100
2024-08-22,AMZN,AMZN,181.38,176.13,32047500
2024-08-23,AMZN,AMZN,177.34,177.04,29150100
2024-08-26,AMZN,AMZN,176.7,175.5,22366200
2024-08-27,AMZN,AMZN,174.15,173.12,29842000
2024-08-28,AMZN,AMZN,173.69,170.8,29045000
2024-08-29,AMZN,AMZN,173.22,172.12,26407800
2024-08-30,AMZN,AMZN,172.78,178.5,43429400
2024-09-03,AMZN,AMZN,177.55,176.25,37817500
2024-09-04,AMZN,AMZN,174.48,173.33,30309200
2024-09-05,AMZN,AMZN,175.0,177.89,40170500
2024-09-06,AMZN,AMZN,177.24,171.39,41466500
2024-09-09,AMZN,AMZN,174.53,175.4,29037400
2024-09-10,AMZN,AMZN,177.49,179.55,36233800
2024-09-11,AMZN,AMZN,180.1,184.52,42564700
2024-09-12,AMZN,AMZN,184.8,187.0,33544200
2024-09-13,AMZN,AMZN,187.0,186.49,26495400
2024-09-16,AMZN,AMZN,185.29,184.89,26065500
2024-09-17,AMZN,AMZN,186.85,186.88,26091700
2024-09-18,AMZN,AMZN,186.45,186.43,34448100
2024-09-19,AMZN,AMZN,190.04,189.87,39543200
2024-09-20,AMZN,AMZN,190.23,191.6,100378600
2024-09-23,AMZN,AMZN,191.64,193.88,36993100
2024-09-24,AMZN,AMZN,194.27,193.96,43478900
2024-09-25,AMZN,AMZN,193.75,192.53,26391100
2024-09-26,AMZN,AMZN,194.31,191.16,36334900
2024-09-27,AMZN,AMZN,190.68,187.97,36002300
2024-09-30,AMZN,AMZN,187.14,186.33,41583900
2024-10-01,AMZN,AMZN,184.9,185.13,36044900
2024-10-02,AMZN,AMZN,184.44,184.76,23704100
2024-10-03,AMZN,AMZN,183.05,181.96,30204300
2024-10-04,AMZN,AMZN,185.75,186.51,40890300
2024-10-07,AMZN,AMZN,182.95,180.8,42364200
2024-10-08,AMZN,AMZN,181.92,182.72,26372100
2024-10-09,AMZN,AMZN,182.82,185.17,26343100
2024-10-10,AMZN,AMZN,187.13,186.65,27785000
2024-10-11,AMZN,AMZN,186.63,188.82,25751600
2024-10-14,AMZN,AMZN,189.78,187.54,22614400
2024-10-15,AMZN,AMZN,187.63,187.69,32178900
2024-10-16,AMZN,AMZN,187.05,186.89,23456800
2024-10-17,AMZN,AMZN,188.22,187.53,25039400
2024-10-18,AMZN,AMZN,187.15,188.99,37417700
2024-10-21,AMZN,AMZN,188.05,189.07,24639400
2024-10-22,AMZN,AMZN,188.35,189.7,29650600
2024-10-23,AMZN,AMZN,188.85,184.71,31937100
2024-10-24,AMZN,AMZN,185.25,186.38,21647400
2024-10-25,AMZN,AMZN,187.85,187.83,29362100
2024-10-28,AMZN,AMZN,189.57,188.39,27930800
2024-10-29,AMZN,AMZN,188.58,190.83,35690200
2024-10-30,AMZN,AMZN,194.7,192.73,37707600
2024-10-31,AMZN,AMZN,190.51,186.4,75146800
2024-11-01,AMZN,AMZN,199.0,197.93,99687800
2024-11-04,AMZN,AMZN,196.45,195.78,38492100
2024-11-05,AMZN,AMZN,196.04,199.5,30564800
2024-11-06,AMZN,AMZN,200.01,207.09,72292200
2024-11-07,AMZN,AMZN,207.44,210.05,52878400
2024-11-08,AMZN,AMZN,209.72,208.18,36075800
2024-11-11,AMZN,AMZN,208.5,206.84,35456000
2024-11-12,AMZN,AMZN,208.37,208.91,38942900
2024-11-13,AMZN,AMZN,209.4,214.1,46212900
2024-11-14,AMZN,AMZN,214.16,211.48,42620300
2024-11-15,AMZN,AMZN,206.76,202.61,86591100
2024-11-18,AMZN,AMZN,204.15,201.7,36409900
2024-11-19,AMZN,AMZN,199.33,204.61,31197900
2024-11-20,AMZN,AMZN,202.98,202.88,32769000
2024-11-21,AMZN,AMZN,203.49,198.38,58800000
2024-11-22,AMZN,AMZN,198.25,197.12,31530800
2024-11-25,AMZN,AMZN,199.28,201.45,40685700
2024-11-26,AMZN,AMZN,201.9,207.86,41673700
2024-11-27,AMZN,AMZN,206.98,205.74,28061600
2024-11-29,AMZN,AMZN,205.83,207.89,24892400
2024-12-02,AMZN,AMZN,209.96,210.71,39523200
2024-12-03,AMZN,AMZN,210.31,213.44,32214800
2024-12-04,AMZN,AMZN,215.96,218.16,48745700
2024-12-05,AMZN,AMZN,218.03,220.55,41140200
2024-12-06,AMZN,AMZN,220.75,227.03,44178100
2024-12-09,AMZN,AMZN,227.21,226.09,46819400
2024-12-10,AMZN,AMZN,226.09,225.04,31199900
2024-12-11,AMZN,AMZN,226.41,230.26,35385800
2024-12-12,AMZN,AMZN,229.83,228.97,28204100
2024-12-13,AMZN,AMZN,228.4,227.46,28768100
2024-12-16,AMZN,AMZN,230.23,232.93,37552100
2024-12-17,AMZN,AMZN,232.39,231.15,35948100
2024-12-18,AMZN,AMZN,230.77,220.52,43281400
2024-12-19,AMZN,AMZN,224.91,223.29,39918700
2024-12-20,AMZN,AMZN,219.84,224.92,88279200
2024-12-23,AMZN,AMZN,225.01,225.06,28070000
2024-12-24,AMZN,AMZN,226.94,229.05,15007500
2024-12-26,AMZN,AMZN,228.5,227.05,16146700
2024-12-27,AMZN,AMZN,225.6,223.75,27367100
2024-12-30,AMZN,AMZN,220.06,221.3,28321200
2024-12-31,AMZN,AMZN,222.97,219.39,24819700
2025-01-02,AMZN,AMZN,222.03,220.22,33956600
2025-01-03,AMZN,AMZN,222.51,224.19,27515600
2025-01-06,AMZN,AMZN,226.78,227.61,31849800
2025-01-07,AMZN,AMZN,227.9,222.11,28084200
2025-01-08,AMZN,AMZN,223.19,222.13,25033300
2025-01-10,AMZN,AMZN,221.46,218.94,36811500
2025-01-13,AMZN,AMZN,218.06,218.46,27262700
2025-01-14,AMZN,AMZN,220.44,217.76,24711700
2025-01-15,AMZN,AMZN,222.83,223.35,31291300
2025-01-16,AMZN,AMZN,224.42,220.66,24757300
2025-01-17,AMZN,AMZN,225.84,225.94,42370100
2025-01-21,AMZN,AMZN,228.9,230.71,39951500
2025-01-22,AMZN,AMZN,232.02,235.01,41448200
2025-01-23,AMZN,AMZN,234.1,235.42,26404400
2025-01-24,AMZN,AMZN,234.5,234.85,25890700
2025-01-27,AMZN,AMZN,226.21,235.42,49428300
2025-01-28,AMZN,AMZN,234.29,238.15,41587200
2025-01-29,AMZN,AMZN,239.02,237.07,26091700
2025-01-30,AMZN,AMZN,237.14,234.64,32020700
2025-01-31,AMZN,AMZN,236.5,237.68,36110200
2025-02-03,AMZN,AMZN,234.06,237.42,37285900
2025-02-04,AMZN,AMZN,239.01,242.06,29713800
2025-02-05,AMZN,AMZN,237.02,236.17,38727300
2025-02-06,AMZN,AMZN,238.01,238.83,60897100
2025-02-07,AMZN,AMZN,232.5,229.15,77539300
2025-02-10,AMZN,AMZN,230.55,233.14,35419900
2025-02-11,AMZN,AMZN,231.92,232.76,23713700
2025-02-12,AMZN,AMZN,230.46,228.93,32285200
2025-02-13,AMZN,AMZN,228.85,230.37,31346500
2025-02-14,AMZN,AMZN,229.2,228.68,27031100
2025-02-18,AMZN,AMZN,228.82,226.65,42975100
2025-02-19,AMZN,AMZN,225.52,226.63,28566700
2025-02-20,AMZN,AMZN,224.78,222.88,30001700
2025-02-21,AMZN,AMZN,223.28,216.58,55323900
2025-02-24,AMZN,AMZN,217.45,212.71,42387600
2025-02-25,AMZN,AMZN,211.63,212.8,58958000
2025-02-26,AMZN,AMZN,214.94,214.35,39120600
2025-02-27,AMZN,AMZN,218.35,208.74,40548600
2025-02-28,AMZN,AMZN,208.65,212.28,51771700
2025-03-03,AMZN,AMZN,213.35,205.02,42948400
2025-03-04,AMZN,AMZN,200.11,203.8,60853100
2025-03-05,AMZN,AMZN,204.8,208.36,38610100
2025-03-06,AMZN,AMZN,204.4,200.7,49863800
2025-03-07,AMZN,AMZN,199.49,199.25,59802800
2025-03-10,AMZN,AMZN,195.6,194.54,62350900
2025-03-11,AMZN,AMZN,193.9,196.59,54002900
2025-03-12,AMZN,AMZN,200.72,198.89,43679300
2025-03-13,AMZN,AMZN,198.17,193.89,41270800
2025-03-14,AMZN,AMZN,197.41,197.95,38096700
2025-03-17,AMZN,AMZN,198.77,195.74,47341800
2025-03-18,AMZN,AMZN,192.52,192.82,40414900
2025-03-19,AMZN,AMZN,193.38,195.54,39442900
2025-03-20,AMZN,AMZN,193.07,194.95,38921100
2025-03-21,AMZN,AMZN,192.9,196.21,60056900
2025-03-24,AMZN,AMZN,200.0,203.26,41625400
2025-03-25,AMZN,AMZN,203.6,205.71,31171200
2025-03-26,AMZN,AMZN,205.84,201.13,32855300
2025-03-27,AMZN,AMZN,200.89,201.36,27317700
2025-03-28,AMZN,AMZN,198.42,192.72,52548200
2025-03-31,AMZN,AMZN,188.19,190.26,63547600
2025-04-01,AMZN,AMZN,187.86,192.17,41267300
2025-04-02,AMZN,AMZN,187.66,196.01,53679200
2025-04-03,AMZN,AMZN,183.0,178.41,95553600
2025-04-04,AMZN,AMZN,167.15,171.0,123159400
2025-04-07,AMZN,AMZN,162.0,175.26,109327100
2025-04-08,AMZN,AMZN,185.23,170.66,87710400
2025-04-09,AMZN,AMZN,172.12,191.1,116804300
2025-04-10,AMZN,AMZN,185.44,181.22,68302000
2025-04-11,AMZN,AMZN,179.93,184.87,50594300
2025-04-14,AMZN,AMZN,186.84,182.12,48002500
2025-04-15,AMZN,AMZN,181.41,179.59,43642000
2025-04-16,AMZN,AMZN,176.29,174.33,51875300
2025-04-17,AMZN,AMZN,176.0,172.61,44726500
2025-04-21,AMZN,AMZN,169.6,167.32,48126100
2025-04-22,AMZN,AMZN,169.85,173.18,56607200
2025-04-23,AMZN,AMZN,183.45,180.6,63470100
2025-04-24,AMZN,AMZN,180.92,186.54,43763200
2025-04-25,AMZN,AMZN,187.62,188.99,36414300
2025-04-28,AMZN,AMZN,190.11,187.7,33224700
2025-04-29,AMZN,AMZN,183.99,187.39,41667300
2025-04-30,AMZN,AMZN,182.17,184.42,55176500
2025-05-01,AMZN,AMZN,190.63,190.2,74266000
2025-05-02,AMZN,AMZN,191.44,189.98,77903500
2025-05-05,AMZN,AMZN,186.51,186.35,35217500
2025-05-06,AMZN,AMZN,184.57,185.01,29314100
2025-05-07,AMZN,AMZN,185.56,188.71,43948600
2025-05-08,AMZN,AMZN,191.43,192.08,41043600
2025-05-09,AMZN,AMZN,193.38,193.06,29663100
2025-05-12,AMZN,AMZN,210.71,208.64,75205000
2025-05-13,AMZN,AMZN,211.08,211.37,56193700
2025-05-14,AMZN,AMZN,211.45,210.25,38492100
2025-05-15,AMZN,AMZN,206.45,205.17,64347300
2025-05-16,AMZN,AMZN,206.85,205.59,43318500
2025-05-19,AMZN,AMZN,201.65,206.16,34314800
2025-05-20,AMZN,AMZN,204.63,204.07,29470400
2025-05-21,AMZN,AMZN,201.61,201.12,42460900
2025-05-22,AMZN,AMZN,201.38,203.1,38938900
2025-05-23,AMZN,AMZN,198.9,200.99,33393500
2025-05-27,AMZN,AMZN,203.09,206.02,34892000
2025-05-28,AMZN,AMZN,205.92,204.72,28549800
2025-05-29,AMZN,AMZN,208.03,205.7,34650000
2025-05-30,AMZN,AMZN,204.84,205.01,51679400
2025-06-02,AMZN,AMZN,204.98,206.65,29113300
2025-06-03,AMZN,AMZN,207.11,205.71,33139100
2025-06-04,AMZN,AMZN,206.55,207.23,29915600
2025-06-05,AMZN,AMZN,209.55,207.91,51864200
2025-06-06,AMZN,AMZN,212.4,213.57,39832500
2025-06-09,AMZN,AMZN,214.75,216.98,38102500
2025-06-10,AMZN,AMZN,216.78,217.61,31303300
2025-06-11,AMZN,AMZN,217.41,213.2,39326000
2025-06-12,AMZN,AMZN,211.78,213.24,27640000
2025-06-13,AMZN,AMZN,209.96,212.1,29337800
2025-06-16,AMZN,AMZN,212.31,216.1,33284200
2025-06-17,AMZN,AMZN,215.2,214.82,32086300
2025-06-18,AMZN,AMZN,215.09,212.52,44360500
2025-06-20,AMZN,AMZN,214.68,209.69,75350700
2025-06-23,AMZN,AMZN,209.79,208.47,37311700
2025-06-24,AMZN,AMZN,212.14,212.77,38378800
2025-06-25,AMZN,AMZN,214.62,211.99,31755700
2025-06-26,AMZN,AMZN,213.12,217.12,50480800
2025-06-27,AMZN,AMZN,219.92,223.3,119217100
2025-06-30,AMZN,AMZN,223.52,219.39,58887800
2025-07-01,AMZN,AMZN,219.5,220.46,39256800
2025-07-02,AMZN,AMZN,219.73,219.92,30894200
2025-07-03,AMZN,AMZN,221.82,223.41,29632400
2025-07-07,AMZN,AMZN,223.0,223.47,36604100
2025-07-08,AMZN,AMZN,223.92,219.36,45692000
2025-07-09,AMZN,AMZN,221.07,222.54,38155100
2025-07-10,AMZN,AMZN,221.55,222.26,30370600
2025-07-11,AMZN,AMZN,223.58,225.02,50518300
2025-07-14,AMZN,AMZN,225.07,225.69,35702600
2025-07-15,AMZN,AMZN,226.2,226.35,34907300
2025-07-16,AMZN,AMZN,225.88,223.19,39535900
2025-07-17,AMZN,AMZN,223.32,223.88,31855800
2025-07-18,AMZN,AMZN,225.14,226.13,37833800
2025-07-21,AMZN,AMZN,225.84,229.3,40297600
2025-07-22,AMZN,AMZN,229.68,227.47,37483700
2025-07-23,AMZN,AMZN,228.47,228.29,28294900
2025-07-24,AMZN,AMZN,229.17,232.23,42902300
2025-07-25,AMZN,AMZN,232.22,231.44,28712100
2025-07-28,AMZN,AMZN,233.35,232.79,26300100
2025-07-29,AMZN,AMZN,234.15,231.01,33716200
2025-07-30,AMZN,AMZN,231.64,230.19,32993300
2025-07-31,AMZN,AMZN,235.77,234.11,104357300
2025-08-01,AMZN,AMZN,217.21,214.75,122258800
2025-08-04,AMZN,AMZN,217.4,211.65,77890100
2025-08-05,AMZN,AMZN,213.05,213.75,51505100
2025-08-06,AMZN,AMZN,214.7,222.31,54823000
2025-08-07,AMZN,AMZN,221.0,223.13,40603500
2025-08-08,AMZN,AMZN,223.14,222.69,32970500
2025-08-11,AMZN,AMZN,221.78,221.3,31646200
2025-08-12,AMZN,AMZN,222.23,221.47,37185800
2025-08-13,AMZN,AMZN,222.0,224.56,36508300
2025-08-14,AMZN,AMZN,227.4,230.98,61545800
2025-08-15,AMZN,AMZN,232.58,231.03,39649200
2025-08-18,AMZN,AMZN,230.23,231.49,25248900
2025-08-19,AMZN,AMZN,230.09,228.01,29891000
2025-08-20,AMZN,AMZN,227.12,223.81,36604300
2025-08-21,AMZN,AMZN,222.65,221.95,32140500
2025-08-22,AMZN,AMZN,222.79,228.84,37315300
2025-08-25,AMZN,AMZN,227.35,227.94,22633700
2025-08-26,AMZN,AMZN,227.11,228.71,26105400
2025-08-27,AMZN,AMZN,228.57,229.12,21254500
2025-08-28,AMZN,AMZN,229.01,231.6,33679600
2025-08-29,AMZN,AMZN,231.32,229.0,26199200
2025-09-02,AMZN,AMZN,223.52,225.34,38843900
2025-09-03,AMZN,AMZN,225.21,225.99,29223100
2025-09-04,AMZN,AMZN,231.19,235.68,59391800
2025-09-05,AMZN,AMZN,235.19,232.33,36721800
2025-09-08,AMZN,AMZN,234.94,235.84,33947100
2025-09-09,AMZN,AMZN,236.36,238.24,27033800
2025-09-10,AMZN,AMZN,237.52,230.33,60907700
2025-09-11,AMZN,AMZN,231.49,229.95,37485600
2025-09-12,AMZN,AMZN,230.35,228.15,38496200
2025-09-15,AMZN,AMZN,230.63,231.43,33243300
2025-09-16,AMZN,AMZN,232.94,234.05,38203900
2025-09-17,AMZN,AMZN,233.77,231.62,42815200
2025-09-18,AMZN,AMZN,232.5,231.23,37931700
2025-09-19,AMZN,AMZN,232.37,231.48,97943200
2025-09-22,AMZN,AMZN,230.56,227.63,45914500
2025-09-23,AMZN,AMZN,227.83,220.71,70956200
2025-09-24,AMZN,AMZN,224.15,220.21,49509000
2025-09-25,AMZN,AMZN,220.06,218.15,52226300
2025-09-26,AMZN,AMZN,219.08,219.78,41650100
2025-09-29,AMZN,AMZN,220.08,222.17,44259200
2025-09-30,AMZN,AMZN,222.03,219.57,48396400
2025-10-01,AMZN,AMZN,217.36,220.63,43933800
2025-10-02,AMZN,AMZN,221.01,222.41,41258600
2025-10-03,AMZN,AMZN,223.44,219.51,43639000
2025-10-06,AMZN,AMZN,221.0,220.9,43690900
2025-10-07,AMZN,AMZN,220.88,221.78,31194700
2025-10-08,AMZN,AMZN,222.92,225.22,46686000
2025-10-09,AMZN,AMZN,225.0,227.74,46412100
2025-10-10,AMZN,AMZN,226.21,216.37,72367500
2025-10-13,AMZN,AMZN,217.7,220.07,37809700
2025-10-14,AMZN,AMZN,215.56,216.39,45665600
2025-10-15,AMZN,AMZN,216.62,215.57,45909500
2025-10-16,AMZN,AMZN,215.67,214.47,42414600
2025-10-17,AMZN,AMZN,214.56,213.04,45986900
2025-10-20,AMZN,AMZN,213.88,216.48,38882800
2025-10-21,AMZN,AMZN,218.43,222.03,50494600
2025-10-22,AMZN,AMZN,219.3,217.95,44308500
2025-10-23,AMZN,AMZN,219.0,221.09,31540000
2025-10-24,AMZN,AMZN,221.97,224.21,38685100
2025-10-27,AMZN,AMZN,227.66,226.97,38267000
2025-10-28,AMZN,AMZN,228.22,229.25,47100000
2025-10-29,AMZN,AMZN,231.67,230.3,52036200
2025-10-30,AMZN,AMZN,227.06,222.86,102252900
2025-10-31,AMZN,AMZN,250.1,244.22,166340800
2025-11-03,AMZN,AMZN,255.36,254.0,95997800
2025-11-04,AMZN,AMZN,250.38,249.32,51546300
2025-11-05,AMZN,AMZN,249.03,250.2,40610700
2025-11-06,AMZN,AMZN,249.16,243.04,46004200
2025-11-07,AMZN,AMZN,242.9,244.41,46374300
2025-11-10,AMZN,AMZN,248.34,248.4,36476500
2025-11-11,AMZN,AMZN,248.41,249.1,23564100
2025-11-12,AMZN,AMZN,250.24,244.2,31190100
2025-11-13,AMZN,AMZN,243.05,237.58,41401700
2025-11-14,AMZN,AMZN,235.06,234.69,38956700
2025-11-17,AMZN,AMZN,233.25,232.87,59919000
2025-11-18,AMZN,AMZN,228.1,222.55,60608400
2025-11-19,AMZN,AMZN,223.74,222.69,58335600
2025-11-20,AMZN,AMZN,227.05,217.14,50309000
2025-11-21,AMZN,AMZN,216.35,220.69,68490500
2025-11-24,AMZN,AMZN,222.56,226.28,54318400
2025-11-25,AMZN,AMZN,226.38,229.67,39379300
2025-11-26,AMZN,AMZN,230.74,229.16,38497900
2025-11-28,AMZN,AMZN,231.24,233.22,20292300
2025-12-01,AMZN,AMZN,233.22,233.88,42904000
2025-12-02,AMZN,AMZN,235.01,234.42,45785400
2025-12-03,AMZN,AMZN,233.35,232.38,35495100
2025-12-04,AMZN,AMZN,232.77,229.11,45683200
2025-12-05,AMZN,AMZN,230.32,229.53,33117400
2025-12-08,AMZN,AMZN,229.59,226.89,35019200
2025-12-09,AMZN,AMZN,226.84,227.92,25841700
2025-12-10,AMZN,AMZN,228.81,231.78,38790700
2025-12-11,AMZN,AMZN,230.71,230.28,28249600
2025-12-12,AMZN,AMZN,229.87,226.19,35639100
2025-12-15,AMZN,AMZN,227.93,222.54,47286100
2025-12-16,AMZN,AMZN,223.04,222.56,39298900
2025-12-17,AMZN,AMZN,224.66,221.27,44034400
2025-12-18,AMZN,AMZN,225.71,226.76,50272400
2025-12-19,AMZN,AMZN,226.76,227.35,85544400
2025-12-22,AMZN,AMZN,228.61,228.43,32261300
2025-12-23,AMZN,AMZN,229.06,232.14,29230200
2025-12-24,AMZN,AMZN,232.13,232.38,11420500
2025-12-26,AMZN,AMZN,232.04,232.52,15994700
2025-12-29,AMZN,AMZN,231.94,232.07,19797900
2025-12-30,AMZN,AMZN,231.21,232.53,21910500
2025-12-31,AMZN,AMZN,232.91,230.82,24383700
2026-01-02,AMZN,AMZN,231.34,226.5,51456200
2026-01-05,AMZN,AMZN,228.84,233.06,49733300
2026-01-06,AMZN,AMZN,232.1,240.93,53764700
2026-01-07,AMZN,AMZN,239.61,241.56,42236500
2026-01-08,AMZN,AMZN,243.06,246.29,39509800
2026-01-09,AMZN,AMZN,244.57,247.38,34560000
2026-01-12,AMZN,AMZN,246.73,246.47,35867800
2026-01-13,AMZN,AMZN,246.53,242.6,38371800
2026-01-14,AMZN,AMZN,241.15,236.65,41410600
2026-01-15,AMZN,AMZN,239.31,238.18,43003600
2026-01-16,AMZN,AMZN,239.09,239.12,45888300
2026-01-20,AMZN,AMZN,233.76,231.0,47737900
2026-01-21,AMZN,AMZN,231.09,231.31,47276100
2026-01-22,AMZN,AMZN,234.05,234.34,31913300
2026-01-23,AMZN,AMZN,234.96,239.16,33778500
2026-01-26,AMZN,AMZN,239.98,238.42,32825500
2023-07-03,TSLA,TSLA,276.49,279.82,119685900
2023-07-05,TSLA,TSLA,278.82,282.48,131530900
2023-07-06,TSLA,TSLA,278.09,276.54,120332100
2023-07-07,TSLA,TSLA,278.43,274.43,113879200
2023-07-10,TSLA,TSLA,276.47,269.61,119425400
2023-07-11,TSLA,TSLA,268.65,269.79,91972400
2023-07-12,TSLA,TSLA,276.33,271.99,95672100
2023-07-13,TSLA,TSLA,274.59,277.9,112681500
2023-07-14,TSLA,TSLA,277.01,281.38,120062400
2023-07-17,TSLA,TSLA,286.63,290.38,131569600
2023-07-18,TSLA,TSLA,290.15,293.34,112120300
2023-07-19,TSLA,TSLA,296.04,291.26,142355400
2023-07-20,TSLA,TSLA,279.56,262.9,175158300
2023-07-21,TSLA,TSLA,268.0,260.02,161796100
2023-07-24,TSLA,TSLA,255.85,269.06,136508500
2023-07-25,TSLA,TSLA,272.38,265.28,112757300
2023-07-26,TSLA,TSLA,263.25,264.35,95856200
2023-07-27,TSLA,TSLA,268.31,255.71,103697300
2023-07-28,TSLA,TSLA,259.86,266.44,111446000
2023-07-31,TSLA,TSLA,267.48,267.43,84582200
2023-08-01,TSLA,TSLA,266.26,261.07,83166000
2023-08-02,TSLA,TSLA,255.57,254.11,101752900
2023-08-03,TSLA,TSLA,252.04,259.32,97569100
2023-08-04,TSLA,TSLA,260.97,253.86,99539900
2023-08-07,TSLA,TSLA,251.45,251.45,111097900
2023-08-08,TSLA,TSLA,247.45,249.7,96642200
2023-08-09,TSLA,TSLA,250.87,242.19,101596300
2023-08-10,TSLA,TSLA,245.4,245.34,109498600
2023-08-11,TSLA,TSLA,241.77,242.65,99038600
2023-08-14,TSLA,TSLA,235.7,239.76,98595300
2023-08-15,TSLA,TSLA,238.73,232.96,88197600
2023-08-16,TSLA,TSLA,228.02,225.6,112484500
2023-08-17,TSLA,TSLA,226.06,219.22,120718400
2023-08-18,TSLA,TSLA,214.12,215.49,136276600
2023-08-21,TSLA,TSLA,221.55,231.28,135702700
2023-08-22,TSLA,TSLA,240.25,233.19,130442800
2023-08-23,TSLA,TSLA,229.34,236.86,101077600
2023-08-24,TSLA,TSLA,238.66,230.04,99777400
2023-08-25,TSLA,TSLA,231.31,238.59,106612200
2023-08-28,TSLA,TSLA,242.58,238.82,107673700
2023-08-29,TSLA,TSLA,238.58,257.18,134047600
2023-08-30,TSLA,TSLA,254.2,256.9,121988400
2023-08-31,TSLA,TSLA,255.98,258.08,108861700
2023-09-01,TSLA,TSLA,257.26,245.01,132541600
2023-09-05,TSLA,TSLA,245.0,256.49,129469600
2023-09-06,TSLA,TSLA,255.14,251.92,116959800
2023-09-07,TSLA,TSLA,245.07,251.49,115312900
2023-09-08,TSLA,TSLA,251.22,248.5,118367700
2023-09-11,TSLA,TSLA,264.27,273.58,174667900
2023-09-12,TSLA,TSLA,270.76,267.48,135999900
2023-09-13,TSLA,TSLA,270.07,271.3,111673700
2023-09-14,TSLA,TSLA,271.32,276.04,107709800
2023-09-15,TSLA,TSLA,277.55,274.39,133692300
2023-09-18,TSLA,TSLA,271.16,265.28,101543300
2023-09-19,TSLA,TSLA,264.35,266.5,103704000
2023-09-20,TSLA,TSLA,267.04,262.59,122514600
2023-09-21,TSLA,TSLA,257.85,255.7,119951500
2023-09-22,TSLA,TSLA,257.4,244.88,127524100
2023-09-25,TSLA,TSLA,243.38,246.99,104636600
2023-09-26,TSLA,TSLA,242.98,244.12,101993600
2023-09-27,TSLA,TSLA,244.26,240.5,136597200
2023-09-28,TSLA,TSLA,240.02,246.38,117058900
2023-09-29,TSLA,TSLA,250.0,250.22,128522700
2023-10-02,TSLA,TSLA,244.81,251.6,123810400
2023-10-03,TSLA,TSLA,248.61,246.53,101985300
2023-10-04,TSLA,TSLA,248.14,261.16,129721600
2023-10-05,TSLA,TSLA,260.0,260.05,119159200
2023-10-06,TSLA,TSLA,253.98,260.53,118121800
2023-10-09,TSLA,TSLA,255.31,259.67,101377900
2023-10-10,TSLA,TSLA,257.75,263.62,122656000
2023-10-11,TSLA,TSLA,266.2,262.99,103706300
2023-10-12,TSLA,TSLA,262.92,258.87,111508100
2023-10-13,TSLA,TSLA,258.9,251.12,102073800
2023-10-16,TSLA,TSLA,250.05,253.92,88917200
2023-10-17,TSLA,TSLA,250.1,254.85,93562900
2023-10-18,TSLA,TSLA,252.7,242.68,125147800
2023-10-19,TSLA,TSLA,225.95,220.11,170772700
2023-10-20,TSLA,TSLA,217.01,211.99,138010100
2023-10-23,TSLA,TSLA,210.0,212.08,150683400
2023-10-24,TSLA,TSLA,216.5,216.52,118231100
2023-10-25,TSLA,TSLA,215.88,212.42,107065100
2023-10-26,TSLA,TSLA,211.32,205.76,115112600
2023-10-27,TSLA,TSLA,210.6,207.3,94881200
2023-10-30,TSLA,TSLA,209.28,197.36,136448200
2023-10-31,TSLA,TSLA,196.12,200.84,118068300
2023-11-01,TSLA,TSLA,204.04,205.66,121661700
2023-11-02,TSLA,TSLA,212.97,218.51,125987600
2023-11-03,TSLA,TSLA,221.15,219.96,119534800
2023-11-06,TSLA,TSLA,223.98,219.27,117335800
2023-11-07,TSLA,TSLA,219.98,222.18,116900100
2023-11-08,TSLA,TSLA,223.15,222.11,106584800
2023-11-09,TSLA,TSLA,219.75,209.98,142110500
2023-11-10,TSLA,TSLA,210.03,214.65,130994000
2023-11-13,TSLA,TSLA,215.6,223.71,140447600
2023-11-14,TSLA,TSLA,235.03,237.41,149771600
2023-11-15,TSLA,TSLA,239.29,242.84,150354000
2023-11-16,TSLA,TSLA,239.49,233.59,136816800
2023-11-17,TSLA,TSLA,232.0,234.3,142532800
2023-11-20,TSLA,TSLA,234.04,235.6,116320100
2023-11-21,TSLA,TSLA,235.04,241.2,122288000
2023-11-22,TSLA,TSLA,242.04,234.21,117950600
2023-11-24,TSLA,TSLA,233.75,235.45,65125200
2023-11-27,TSLA,TSLA,236.89,236.08,112031800
2023-11-28,TSLA,TSLA,236.68,246.72,148549900
2023-11-29,TSLA,TSLA,249.21,244.14,135401300
2023-11-30,TSLA,TSLA,245.14,240.08,132353200
2023-12-01,TSLA,TSLA,233.14,238.83,121331700
2023-12-04,TSLA,TSLA,235.75,235.58,104099800
2023-12-05,TSLA,TSLA,233.87,238.72,137971100
2023-12-06,TSLA,TSLA,242.92,239.37,126436200
2023-12-07,TSLA,TSLA,241.55,242.64,107142300
2023-12-08,TSLA,TSLA,240.27,243.84,103126800
2023-12-11,TSLA,TSLA,242.74,239.74,97913900
2023-12-12,TSLA,TSLA,238.55,237.01,95328300
2023-12-13,TSLA,TSLA,234.19,239.29,146286300
2023-12-14,TSLA,TSLA,241.22,251.05,160829200
2023-12-15,TSLA,TSLA,251.21,253.5,135932800
2023-12-18,TSLA,TSLA,253.78,252.08,116416500
2023-12-19,TSLA,TSLA,253.48,257.22,106737400
2023-12-20,TSLA,TSLA,256.41,247.14,125097000
2023-12-21,TSLA,TSLA,251.9,254.5,109594200
2023-12-22,TSLA,TSLA,256.76,252.54,93370100
2023-12-26,TSLA,TSLA,254.49,256.61,86892400
2023-12-27,TSLA,TSLA,258.35,261.44,106494400
2023-12-28,TSLA,TSLA,263.66,253.18,113619900
2023-12-29,TSLA,TSLA,255.1,248.48,100891600
2024-01-02,TSLA,TSLA,250.08,248.42,104654200
2024-01-03,TSLA,TSLA,244.98,238.45,121082600
2024-01-04,TSLA,TSLA,239.25,237.93,102629300
2024-01-05,TSLA,TSLA,236.86,237.49,92488900
2024-01-08,TSLA,TSLA,236.14,240.45,85166600
2024-01-09,TSLA,TSLA,238.11,234.96,96705700
2024-01-10,TSLA,TSLA,235.1,233.94,91628500
2024-01-11,TSLA,TSLA,230.57,227.22,105873600
2024-01-12,TSLA,TSLA,220.08,218.89,123043800
2024-01-16,TSLA,TSLA,215.1,219.91,115355000
2024-01-17,TSLA,TSLA,214.86,215.55,103164400
2024-01-18,TSLA,TSLA,216.88,211.88,108595400
2024-01-19,TSLA,TSLA,209.99,212.19,102260300
2024-01-22,TSLA,TSLA,212.26,208.8,117952500
2024-01-23,TSLA,TSLA,211.3,209.14,106605900
2024-01-24,TSLA,TSLA,211.88,207.83,123369900
2024-01-25,TSLA,TSLA,189.7,182.63,198076800
2024-01-26,TSLA,TSLA,185.5,183.25,107343200
2024-01-29,TSLA,TSLA,185.63,190.93,125013100
2024-01-30,TSLA,TSLA,195.33,191.59,109982300
2024-01-31,TSLA,TSLA,187.0,187.29,103221400
2024-02-01,TSLA,TSLA,188.5,188.86,91843300
2024-02-02,TSLA,TSLA,185.04,187.91,110612700
2024-02-05,TSLA,TSLA,184.26,181.06,134294400
2024-02-06,TSLA,TSLA,177.21,185.1,122676000
2024-02-07,TSLA,TSLA,188.18,187.58,111535200
2024-02-08,TSLA,TSLA,189.0,189.56,83034000
2024-02-09,TSLA,TSLA,190.18,193.57,84476300
2024-02-12,TSLA,TSLA,192.11,188.13,95498600
2024-02-13,TSLA,TSLA,183.99,184.02,86759500
2024-02-14,TSLA,TSLA,185.3,188.71,81203000
2024-02-15,TSLA,TSLA,189.16,200.45,120831800
2024-02-16,TSLA,TSLA,202.06,199.95,111346700
2024-02-20,TSLA,TSLA,196.13,193.76,104545800
2024-02-21,TSLA,TSLA,193.36,194.77,103500300
2024-02-22,TSLA,TSLA,194.0,197.41,92739500
2024-02-23,TSLA,TSLA,195.31,191.97,78841900
2024-02-26,TSLA,TSLA,192.29,199.4,111747100
2024-02-27,TSLA,TSLA,204.04,199.73,108645400
2024-02-28,TSLA,TSLA,200.42,202.04,99806200
2024-02-29,TSLA,TSLA,204.18,201.88,85907000
2024-03-01,TSLA,TSLA,200.52,202.64,82243100
2024-03-04,TSLA,TSLA,198.73,188.14,134334900
2024-03-05,TSLA,TSLA,183.05,180.74,119660800
2024-03-06,TSLA,TSLA,179.99,176.54,107920900
2024-03-07,TSLA,TSLA,174.35,178.65,102129000
2024-03-08,TSLA,TSLA,181.5,175.34,85544600
2024-03-11,TSLA,TSLA,175.45,177.77,85391500
2024-03-12,TSLA,TSLA,177.77,177.54,87391700
2024-03-13,TSLA,TSLA,173.05,169.48,106524500
2024-03-14,TSLA,TSLA,167.77,162.5,126325700
2024-03-15,TSLA,TSLA,163.16,163.57,97146800
2024-03-18,TSLA,TSLA,170.02,173.8,108214400
2024-03-19,TSLA,TSLA,172.36,171.32,77271400
2024-03-20,TSLA,TSLA,173.0,175.66,83846700
2024-03-21,TSLA,TSLA,176.39,172.82,73178000
2024-03-22,TSLA,TSLA,166.69,170.83,75580600
2024-03-25,TSLA,TSLA,168.76,172.63,74228600
2024-03-26,TSLA,TSLA,178.58,177.67,113186200
2024-03-27,TSLA,TSLA,181.41,179.83,81804000
2024-03-28,TSLA,TSLA,177.45,175.79,77654800
2024-04-01,TSLA,TSLA,176.17,175.22,81562100
2024-04-02,TSLA,TSLA,164.75,166.63,116650600
2024-04-03,TSLA,TSLA,164.02,168.38,82950100
2024-04-04,TSLA,TSLA,170.07,171.11,123162000
2024-04-05,TSLA,TSLA,169.08,164.9,143157600
2024-04-08,TSLA,TSLA,169.34,172.98,104423300
2024-04-09,TSLA,TSLA,172.91,176.88,102951700
2024-04-10,TSLA,TSLA,173.04,171.76,84532400
2024-04-11,TSLA,TSLA,172.55,174.6,94516000
2024-04-12,TSLA,TSLA,172.34,171.05,64722700
2024-04-15,TSLA,TSLA,170.24,161.48,100245300
2024-04-16,TSLA,TSLA,156.74,157.11,97000000
2024-04-17,TSLA,TSLA,157.64,155.45,82439700
2024-04-18,TSLA,TSLA,151.25,149.93,96098800
2024-04-19,TSLA,TSLA,148.97,147.05,87074500
2024-04-22,TSLA,TSLA,140.56,142.05,107097600
2024-04-23,TSLA,TSLA,143.33,144.68,124545100
2024-04-24,TSLA,TSLA,162.84,162.13,181178000
2024-04-25,TSLA,TSLA,158.96,170.18,126427500
2024-04-26,TSLA,TSLA,168.85,168.29,109815700
2024-04-29,TSLA,TSLA,188.42,194.05,243869700
2024-04-30,TSLA,TSLA,186.98,183.28,127031800
2024-05-01,TSLA,TSLA,182.0,179.99,92829700
2024-05-02,TSLA,TSLA,182.86,180.01,89148000
2024-05-03,TSLA,TSLA,182.1,181.19,75491500
2024-05-06,TSLA,TSLA,183.8,184.76,84390300
2024-05-07,TSLA,TSLA,182.4,177.81,75045900
2024-05-08,TSLA,TSLA,171.59,174.72,79969500
2024-05-09,TSLA,TSLA,175.01,171.97,65950300
2024-05-10,TSLA,TSLA,173.05,168.47,72627200
2024-05-13,TSLA,TSLA,170.0,171.89,67018900
2024-05-14,TSLA,TSLA,174.5,177.55,86407400
2024-05-15,TSLA,TSLA,179.9,173.99,79663000
2024-05-16,TSLA,TSLA,174.1,174.84,59812200
2024-05-17,TSLA,TSLA,173.55,177.46,77445800
2024-05-20,TSLA,TSLA,177.56,174.95,61727400
2024-05-21,TSLA,TSLA,175.51,186.6,115266500
2024-05-22,TSLA,TSLA,182.85,180.11,88313500
2024-05-23,TSLA,TSLA,181.8,173.74,71975500
2024-05-24,TSLA,TSLA,174.84,179.24,65584500
2024-05-28,TSLA,TSLA,176.4,176.75,59736600
2024-05-29,TSLA,TSLA,174.19,176.19,54782600
2024-05-30,TSLA,TSLA,178.58,178.79,77618400
2024-05-31,TSLA,TSLA,178.5,178.08,67314600
2024-06-03,TSLA,TSLA,178.13,176.29,68568900
2024-06-04,TSLA,TSLA,174.78,174.77,60056300
2024-06-05,TSLA,TSLA,175.35,175.0,57953800
2024-06-06,TSLA,TSLA,174.6,177.94,69887000
2024-06-07,TSLA,TSLA,176.13,177.48,56244900
2024-06-10,TSLA,TSLA,176.06,173.79,50774600
2024-06-11,TSLA,TSLA,173.92,170.66,64761900
2024-06-12,TSLA,TSLA,171.12,177.29,90389400
2024-06-13,TSLA,TSLA,188.39,182.47,118984100
2024-06-14,TSLA,TSLA,185.8,178.01,82038200
2024-06-17,TSLA,TSLA,177.92,187.44,109786100
2024-06-18,TSLA,TSLA,186.56,184.86,68982300
2024-06-20,TSLA,TSLA,184.68,181.57,55893100
2024-06-21,TSLA,TSLA,182.3,183.01,61937300
2024-06-24,TSLA,TSLA,184.97,182.58,61992100
2024-06-25,TSLA,TSLA,184.4,187.35,62905700
2024-06-26,TSLA,TSLA,186.54,196.37,95737100
2024-06-27,TSLA,TSLA,195.17,197.42,72746500
2024-06-28,TSLA,TSLA,199.55,197.88,95438100
2024-07-01,TSLA,TSLA,201.02,209.86,135691400
2024-07-02,TSLA,TSLA,218.89,231.26,205047900
2024-07-03,TSLA,TSLA,234.56,246.39,166561500
2024-07-05,TSLA,TSLA,249.81,251.52,154501200
2024-07-08,TSLA,TSLA,247.71,252.94,157219600
2024-07-09,TSLA,TSLA,251.0,262.33,160210900
2024-07-10,TSLA,TSLA,262.8,263.26,128519400
2024-07-11,TSLA,TSLA,263.3,241.03,221707300
2024-07-12,TSLA,TSLA,235.8,248.23,155955800
2024-07-15,TSLA,TSLA,255.97,252.64,146912900
2024-07-16,TSLA,TSLA,255.31,256.56,126332500
2024-07-17,TSLA,TSLA,252.73,248.5,115584800
2024-07-18,TSLA,TSLA,251.09,249.23,110869000
2024-07-19,TSLA,TSLA,247.79,239.2,87403900
2024-07-22,TSLA,TSLA,244.21,251.51,101225400
2024-07-23,TSLA,TSLA,253.6,246.38,111928200
2024-07-24,TSLA,TSLA,225.42,215.99,167942900
2024-07-25,TSLA,TSLA,216.8,220.25,100636500
2024-07-26,TSLA,TSLA,221.19,219.8,94604100
2024-07-29,TSLA,TSLA,224.9,232.1,129201800
2024-07-30,TSLA,TSLA,232.25,222.62,100560300
2024-07-31,TSLA,TSLA,227.9,232.07,67497000
2024-08-01,TSLA,TSLA,227.69,216.86,83861900
2024-08-02,TSLA,TSLA,214.88,207.67,82880100
2024-08-05,TSLA,TSLA,185.22,198.88,100308800
2024-08-06,TSLA,TSLA,200.75,200.64,73783900
2024-08-07,TSLA,TSLA,200.77,191.76,71159800
2024-08-08,TSLA,TSLA,195.7,198.84,65033900
2024-08-09,TSLA,TSLA,197.05,200.0,58648300
2024-08-12,TSLA,TSLA,199.02,197.49,64044900
2024-08-13,TSLA,TSLA,198.47,207.83,76247400
2024-08-14,TSLA,TSLA,207.39,201.38,70250000
2024-08-15,TSLA,TSLA,205.02,214.14,89848500
2024-08-16,TSLA,TSLA,211.15,216.12,88765100
2024-08-19,TSLA,TSLA,217.07,222.72,76435200
2024-08-20,TSLA,TSLA,224.88,221.1,74001200
2024-08-21,TSLA,TSLA,222.67,223.27,70146000
2024-08-22,TSLA,TSLA,223.82,210.66,79514500
2024-08-23,TSLA,TSLA,214.46,220.32,81525200
2024-08-26,TSLA,TSLA,218.75,213.21,59301200
2024-08-27,TSLA,TSLA,213.25,209.21,62821400
2024-08-28,TSLA,TSLA,209.72,205.75,64116400
2024-08-29,TSLA,TSLA,209.8,206.28,62308800
2024-08-30,TSLA,TSLA,208.63,214.11,63370600
2024-09-03,TSLA,TSLA,215.26,210.6,76714200
2024-09-04,TSLA,TSLA,210.59,219.41,80651800
2024-09-05,TSLA,TSLA,223.49,230.17,119355000
2024-09-06,TSLA,TSLA,232.6,210.73,112177000
2024-09-09,TSLA,TSLA,216.2,216.27,67443500
2024-09-10,TSLA,TSLA,220.07,226.17,78891100
2024-09-11,TSLA,TSLA,224.55,228.13,83548600
2024-09-12,TSLA,TSLA,224.66,229.81,71894900
2024-09-13,TSLA,TSLA,228.0,230.29,59515100
2024-09-16,TSLA,TSLA,229.3,226.78,54323000
2024-09-17,TSLA,TSLA,229.45,227.87,66761600
2024-09-18,TSLA,TSLA,230.09,227.2,78010200
2024-09-19,TSLA,TSLA,234.0,243.92,102694600
2024-09-20,TSLA,TSLA,241.52,238.25,99879100
2024-09-23,TSLA,TSLA,242.61,250.0,86927200
2024-09-24,TSLA,TSLA,254.08,254.27,88491000
2024-09-25,TSLA,TSLA,252.54,257.02,65034300
2024-09-26,TSLA,TSLA,260.6,254.22,67142200
2024-09-27,TSLA,TSLA,257.38,260.46,70988100
2024-09-30,TSLA,TSLA,259.04,261.63,80705700
2024-10-01,TSLA,TSLA,262.67,258.02,87397600
2024-10-02,TSLA,TSLA,247.55,249.02,93983900
2024-10-03,TSLA,TSLA,244.48,240.66,80729200
2024-10-04,TSLA,TSLA,246.69,250.08,86573200
2024-10-07,TSLA,TSLA,249.0,240.83,68113300
2024-10-08,TSLA,TSLA,243.56,244.5,56303200
2024-10-09,TSLA,TSLA,243.82,241.05,66289500
2024-10-10,TSLA,TSLA,241.81,238.77,83087100
2024-10-11,TSLA,TSLA,220.13,217.8,142628900
2024-10-14,TSLA,TSLA,220.13,219.16,86291900
2024-10-15,TSLA,TSLA,220.01,219.57,62988800
2024-10-16,TSLA,TSLA,221.4,221.33,49632800
2024-10-17,TSLA,TSLA,221.59,220.89,50791800
2024-10-18,TSLA,TSLA,220.71,220.7,49611900
2024-10-21,TSLA,TSLA,218.9,218.85,47329000
2024-10-22,TSLA,TSLA,217.31,217.97,43268700
2024-10-23,TSLA,TSLA,217.13,213.65,80938900
2024-10-24,TSLA,TSLA,244.68,260.48,204491900
2024-10-25,TSLA,TSLA,256.01,269.19,161611900
2024-10-28,TSLA,TSLA,270.0,262.51,107653600
2024-10-29,TSLA,TSLA,264.51,259.52,80521800
2024-10-30,TSLA,TSLA,258.04,257.55,53993600
2024-10-31,TSLA,TSLA,257.99,249.85,66575300
2024-11-01,TSLA,TSLA,252.04,248.98,57544800
2024-11-04,TSLA,TSLA,244.56,242.84,68802400
2024-11-05,TSLA,TSLA,247.34,251.44,69282500
2024-11-06,TSLA,TSLA,284.67,288.53,165228700
2024-11-07,TSLA,TSLA,288.89,296.91,117309200
2024-11-08,TSLA,TSLA,299.14,321.22,204782800
2024-11-11,TSLA,TSLA,346.3,350.0,210521600
2024-11-12,TSLA,TSLA,342.74,328.49,155726000
2024-11-13,TSLA,TSLA,335.85,330.24,125405600
2024-11-14,TSLA,TSLA,327.69,311.18,120726100
2024-11-15,TSLA,TSLA,310.57,320.72,114440300
2024-11-18,TSLA,TSLA,340.73,338.74,126085600
2024-11-19,TSLA,TSLA,335.76,346.0,88852500
2024-11-20,TSLA,TSLA,345.0,342.03,66340700
2024-11-21,TSLA,TSLA,343.81,339.64,58011700
2024-11-22,TSLA,TSLA,341.09,352.56,89140700
2024-11-25,TSLA,TSLA,360.14,338.59,95890900
2024-11-26,TSLA,TSLA,341.0,338.23,62295900
2024-11-27,TSLA,TSLA,341.8,332.89,57896400
2024-11-29,TSLA,TSLA,336.08,345.16,37167600
2024-12-02,TSLA,TSLA,352.38,357.09,77986500
2024-12-03,TSLA,TSLA,351.8,351.42,58267200
2024-12-04,TSLA,TSLA,353.0,357.93,50810900
2024-12-05,TSLA,TSLA,359.87,369.49,81403600
2024-12-06,TSLA,TSLA,377.42,389.22,81455800
2024-12-09,TSLA,TSLA,397.61,389.79,96359200
2024-12-10,TSLA,TSLA,392.68,400.99,97563600
2024-12-11,TSLA,TSLA,409.7,424.77,104287600
2024-12-12,TSLA,TSLA,424.84,418.1,87752200
2024-12-13,TSLA,TSLA,420.0,436.23,89000200
2024-12-16,TSLA,TSLA,441.09,463.02,114083800
2024-12-17,TSLA,TSLA,475.9,479.86,131223000
2024-12-18,TSLA,TSLA,466.5,440.13,149340800
2024-12-19,TSLA,TSLA,451.88,436.17,118566100
2024-12-20,TSLA,TSLA,425.51,421.06,132216200
2024-12-23,TSLA,TSLA,431.0,430.6,72698100
2024-12-24,TSLA,TSLA,435.9,462.28,59551800
2024-12-26,TSLA,TSLA,465.16,454.13,76366400
2024-12-27,TSLA,TSLA,449.52,431.66,82666800
2024-12-30,TSLA,TSLA,419.4,417.41,64941000
2024-12-31,TSLA,TSLA,423.79,403.84,76825100
2025-01-02,TSLA,TSLA,390.1,379.28,109710700
2025-01-03,TSLA,TSLA,381.48,410.44,95423300
2025-01-06,TSLA,TSLA,423.2,411.05,85516500
2025-01-07,TSLA,TSLA,405.83,394.36,75699500
2025-01-08,TSLA,TSLA,392.95,394.94,73038800
2025-01-10,TSLA,TSLA,391.4,394.74,62287300
2025-01-13,TSLA,TSLA,383.21,403.31,67580500
2025-01-14,TSLA,TSLA,414.34,396.36,84565000
2025-01-15,TSLA,TSLA,409.9,428.22,81375500
2025-01-16,TSLA,TSLA,423.49,413.82,68335200
2025-01-17,TSLA,TSLA,421.5,426.5,94991400
2025-01-21,TSLA,TSLA,432.64,424.07,87320900
2025-01-22,TSLA,TSLA,416.81,415.11,60963300
2025-01-23,TSLA,TSLA,416.06,412.38,50690600
2025-01-24,TSLA,TSLA,414.45,406.58,56427100
2025-01-27,TSLA,TSLA,394.8,397.15,58125500
2025-01-28,TSLA,TSLA,396.91,398.09,48910700
2025-01-29,TSLA,TSLA,395.21,389.1,68033600
2025-01-30,TSLA,TSLA,410.78,400.28,98092900
2025-01-31,TSLA,TSLA,401.53,404.6,83283600
2025-02-03,TSLA,TSLA,386.68,383.68,93732100
2025-02-04,TSLA,TSLA,382.63,392.21,57072200
2025-02-05,TSLA,TSLA,387.51,378.17,57223300
2025-02-06,TSLA,TSLA,373.03,374.32,77918200
2025-02-07,TSLA,TSLA,370.19,361.62,70298300
2025-02-10,TSLA,TSLA,356.21,350.73,77514900
2025-02-11,TSLA,TSLA,345.8,328.5,118543400
2025-02-12,TSLA,TSLA,329.94,336.51,105382700
2025-02-13,TSLA,TSLA,345.0,355.94,89441500
2025-02-14,TSLA,TSLA,360.62,355.84,68277300
2025-02-18,TSLA,TSLA,355.01,354.11,51631700
2025-02-19,TSLA,TSLA,354.0,360.56,67094400
2025-02-20,TSLA,TSLA,361.51,354.4,45965400
2025-02-21,TSLA,TSLA,353.44,337.8,74058600
2025-02-24,TSLA,TSLA,338.14,330.53,76052300
2025-02-25,TSLA,TSLA,327.02,302.8,134228800
2025-02-26,TSLA,TSLA,303.71,290.8,100118300
2025-02-27,TSLA,TSLA,291.16,281.95,101748200
2025-02-28,TSLA,TSLA,279.5,292.98,115697000
2025-03-03,TSLA,TSLA,300.34,284.65,115551400
2025-03-04,TSLA,TSLA,270.93,272.04,126706600
2025-03-05,TSLA,TSLA,272.92,279.1,94042900
2025-03-06,TSLA,TSLA,272.06,263.45,98451600
2025-03-07,TSLA,TSLA,259.32,262.67,102369600
2025-03-10,TSLA,TSLA,252.54,222.15,189076900
2025-03-11,TSLA,TSLA,225.31,230.58,174896400
2025-03-12,TSLA,TSLA,247.22,248.09,142215700
2025-03-13,TSLA,TSLA,248.13,240.68,114813500
2025-03-14,TSLA,TSLA,247.31,249.98,100242300
2025-03-17,TSLA,TSLA,245.06,238.01,111900600
2025-03-18,TSLA,TSLA,228.16,225.31,111477600
2025-03-19,TSLA,TSLA,231.61,235.86,111993800
2025-03-20,TSLA,TSLA,233.35,236.26,99028300
2025-03-21,TSLA,TSLA,234.99,248.71,132728700
2025-03-24,TSLA,TSLA,258.08,278.39,169079900
2025-03-25,TSLA,TSLA,283.6,288.14,150361500
2025-03-26,TSLA,TSLA,282.66,272.06,153629800
2025-03-27,TSLA,TSLA,272.48,273.13,162572100
2025-03-28,TSLA,TSLA,275.58,263.55,123809400
2025-03-31,TSLA,TSLA,249.31,259.16,134008900
2025-04-01,TSLA,TSLA,263.8,268.46,146486900
2025-04-02,TSLA,TSLA,254.6,282.76,212787800
2025-04-03,TSLA,TSLA,265.29,267.28,136174300
2025-04-04,TSLA,TSLA,255.38,239.43,181229400
2025-04-07,TSLA,TSLA,223.78,233.29,183453800
2025-04-08,TSLA,TSLA,245.0,221.86,171603500
2025-04-09,TSLA,TSLA,224.69,272.2,219433400
2025-04-10,TSLA,TSLA,260.0,252.4,181722600
2025-04-11,TSLA,TSLA,251.84,252.31,128948100
2025-04-14,TSLA,TSLA,258.36,252.35,100135200
2025-04-15,TSLA,TSLA,249.91,254.11,79594300
2025-04-16,TSLA,TSLA,247.61,241.55,112378700
2025-04-17,TSLA,TSLA,243.47,241.37,83404800
2025-04-21,TSLA,TSLA,230.26,227.5,97768000
2025-04-22,TSLA,TSLA,230.96,237.97,120858500
2025-04-23,TSLA,TSLA,254.86,250.74,150381900
2025-04-24,TSLA,TSLA,250.5,259.51,94464200
2025-04-25,TSLA,TSLA,261.69,284.95,167560700
2025-04-28,TSLA,TSLA,288.98,285.88,151731800
2025-04-29,TSLA,TSLA,285.5,292.03,108906600
2025-04-30,TSLA,TSLA,279.9,282.16,128961100
2025-05-01,TSLA,TSLA,280.01,280.52,99659000
2025-05-02,TSLA,TSLA,284.9,287.21,114454700
2025-05-05,TSLA,TSLA,284.57,280.26,94618900
2025-05-06,TSLA,TSLA,273.11,275.35,76715800
2025-05-07,TSLA,TSLA,276.88,276.22,71592600
2025-05-08,TSLA,TSLA,279.63,284.82,97539400
2025-05-09,TSLA,TSLA,290.21,298.26,132387800
2025-05-12,TSLA,TSLA,321.99,318.38,112826700
2025-05-13,TSLA,TSLA,320.0,334.07,136992600
2025-05-14,TSLA,TSLA,342.5,347.68,136997300
2025-05-15,TSLA,TSLA,340.34,342.82,97882600
2025-05-16,TSLA,TSLA,346.24,349.98,95895700
2025-05-19,TSLA,TSLA,336.3,342.09,88869900
2025-05-20,TSLA,TSLA,347.87,343.82,131715500
2025-05-21,TSLA,TSLA,344.43,334.62,102354800
2025-05-22,TSLA,TSLA,331.9,341.04,97113400
2025-05-23,TSLA,TSLA,337.92,339.34,84654800
2025-05-27,TSLA,TSLA,347.35,362.89,120146400
2025-05-28,TSLA,TSLA,364.84,356.9,91404300
2025-05-29,TSLA,TSLA,365.29,358.43,88087800
2025-05-30,TSLA,TSLA,355.52,346.46,123474900
2025-06-02,TSLA,TSLA,343.5,342.69,81873800
2025-06-03,TSLA,TSLA,346.6,344.27,99324500
2025-06-04,TSLA,TSLA,345.1,332.05,98912100
2025-06-05,TSLA,TSLA,322.49,284.7,287499800
2025-06-06,TSLA,TSLA,298.83,295.14,164747700
2025-06-09,TSLA,TSLA,285.96,308.58,140908900
2025-06-10,TSLA,TSLA,314.94,326.09,151256500
2025-06-11,TSLA,TSLA,334.4,326.43,122611400
2025-06-12,TSLA,TSLA,323.08,319.11,105127500
2025-06-13,TSLA,TSLA,313.97,325.31,128964300
2025-06-16,TSLA,TSLA,331.29,329.13,83925900
2025-06-17,TSLA,TSLA,326.09,316.35,88282700
2025-06-18,TSLA,TSLA,317.31,322.05,95137700
2025-06-20,TSLA,TSLA,327.95,322.16,108688000
2025-06-23,TSLA,TSLA,327.54,348.68,190716800
2025-06-24,TSLA,TSLA,356.17,340.47,114736200
2025-06-25,TSLA,TSLA,342.7,327.55,119845100
2025-06-26,TSLA,TSLA,324.61,325.78,80440900
2025-06-27,TSLA,TSLA,324.51,323.63,89067000
2025-06-30,TSLA,TSLA,319.9,317.66,76695100
2025-07-01,TSLA,TSLA,298.46,300.71,145085700
2025-07-02,TSLA,TSLA,312.63,315.65,119483700
2025-07-03,TSLA,TSLA,317.99,315.35,58042300
2025-07-07,TSLA,TSLA,291.37,293.94,131177900
2025-07-08,TSLA,TSLA,297.0,297.81,103246700
2025-07-09,TSLA,TSLA,297.55,295.88,75586800
2025-07-10,TSLA,TSLA,300.05,309.87,104365300
2025-07-11,TSLA,TSLA,307.89,313.51,79236400
2025-07-14,TSLA,TSLA,317.73,316.9,78043400
2025-07-15,TSLA,TSLA,319.68,310.78,77556300
2025-07-16,TSLA,TSLA,312.8,321.67,97284800
2025-07-17,TSLA,TSLA,323.15,319.41,73922900
2025-07-18,TSLA,TSLA,321.66,329.65,94255000
2025-07-21,TSLA,TSLA,334.4,328.49,75768800
2025-07-22,TSLA,TSLA,329.74,332.11,77370400
2025-07-23,TSLA,TSLA,330.9,332.56,92553800
2025-07-24,TSLA,TSLA,310.0,305.3,156966000
2025-07-25,TSLA,TSLA,308.74,316.06,148227000
2025-07-28,TSLA,TSLA,318.45,325.59,112673800
2025-07-29,TSLA,TSLA,325.55,321.2,87358900
2025-07-30,TSLA,TSLA,322.18,319.04,83931900
2025-07-31,TSLA,TSLA,319.61,308.27,85270900
2025-08-01,TSLA,TSLA,306.21,302.63,89121400
2025-08-04,TSLA,TSLA,309.08,309.26,78683900
2025-08-05,TSLA,TSLA,308.95,308.72,57961300
2025-08-06,TSLA,TSLA,307.89,319.91,78523600
2025-08-07,TSLA,TSLA,319.79,322.27,66658700
2025-08-08,TSLA,TSLA,321.43,329.65,91200300
2025-08-11,TSLA,TSLA,335.0,339.03,105320200
2025-08-12,TSLA,TSLA,345.0,340.84,80522100
2025-08-13,TSLA,TSLA,341.5,339.38,67838900
2025-08-14,TSLA,TSLA,335.76,335.58,75000700
2025-08-15,TSLA,TSLA,337.66,330.56,74319800
2025-08-18,TSLA,TSLA,329.62,335.16,56956600
2025-08-19,TSLA,TSLA,335.79,329.31,75956000
2025-08-20,TSLA,TSLA,329.22,323.9,77481800
2025-08-21,TSLA,TSLA,322.08,320.11,55744400
2025-08-22,TSLA,TSLA,321.66,340.01,94016300
2025-08-25,TSLA,TSLA,338.9,346.6,86670000
2025-08-26,TSLA,TSLA,344.93,351.67,76651600
2025-08-27,TSLA,TSLA,351.94,349.6,65519000
2025-08-28,TSLA,TSLA,350.91,345.98,67903200
2025-08-29,TSLA,TSLA,347.23,333.87,81145700
2025-09-02,TSLA,TSLA,328.23,329.36,58392000
2025-09-03,TSLA,TSLA,335.2,334.09,88733300
2025-09-04,TSLA,TSLA,336.15,338.53,60711000
2025-09-05,TSLA,TSLA,348.0,350.84,108989800
2025-09-08,TSLA,TSLA,354.64,346.4,75208300
2025-09-09,TSLA,TSLA,348.44,346.97,53816000
2025-09-10,TSLA,TSLA,350.55,347.79,72121700
2025-09-11,TSLA,TSLA,350.17,368.81,103756000
2025-09-12,TSLA,TSLA,370.94,395.94,168156400
2025-09-15,TSLA,TSLA,423.13,410.04,163823700
2025-09-16,TSLA,TSLA,414.5,421.62,104285700
2025-09-17,TSLA,TSLA,415.75,425.86,106133500
2025-09-18,TSLA,TSLA,428.87,416.85,90454500
2025-09-19,TSLA,TSLA,421.82,426.07,93131000
2025-09-22,TSLA,TSLA,431.11,434.21,97108800
2025-09-23,TSLA,TSLA,439.88,425.85,83422700
2025-09-24,TSLA,TSLA,429.83,442.79,93133600
2025-09-25,TSLA,TSLA,435.24,423.39,96746400
2025-09-26,TSLA,TSLA,428.3,440.4,101628200
2025-09-29,TSLA,TSLA,444.35,443.21,79491500
2025-09-30,TSLA,TSLA,441.52,444.72,74358000
2025-10-01,TSLA,TSLA,443.8,459.46,98122300
2025-10-02,TSLA,TSLA,470.54,436.0,137009000
2025-10-03,TSLA,TSLA,443.29,429.83,133188200
2025-10-06,TSLA,TSLA,440.75,453.25,85324900
2025-10-07,TSLA,TSLA,447.82,433.09,102296100
2025-10-08,TSLA,TSLA,437.57,438.69,71192100
2025-10-09,TSLA,TSLA,431.81,435.54,69339900
2025-10-10,TSLA,TSLA,436.54,413.49,112107900
2025-10-13,TSLA,TSLA,423.53,435.9,79552800
2025-10-14,TSLA,TSLA,426.79,429.24,72669400
2025-10-15,TSLA,TSLA,434.9,435.15,71558200
2025-10-16,TSLA,TSLA,434.73,428.75,77189900
2025-10-17,TSLA,TSLA,425.5,439.31,89331600
2025-10-20,TSLA,TSLA,443.87,447.43,63719000
2025-10-21,TSLA,TSLA,445.76,442.6,54412200
2025-10-22,TSLA,TSLA,443.45,438.97,84023500
2025-10-23,TSLA,TSLA,420.0,448.98,126709800
2025-10-24,TSLA,TSLA,446.83,433.72,94727800
2025-10-27,TSLA,TSLA,439.98,452.42,105867500
2025-10-28,TSLA,TSLA,454.78,460.55,80185700
2025-10-29,TSLA,TSLA,462.5,461.51,67983500
2025-10-30,TSLA,TSLA,451.05,440.1,72447900
2025-10-31,TSLA,TSLA,446.75,456.56,83135800
2025-11-03,TSLA,TSLA,455.99,468.37,84595200
2025-11-04,TSLA,TSLA,454.46,444.26,87756600
2025-11-05,TSLA,TSLA,452.05,462.07,85573000
2025-11-06,TSLA,TSLA,461.96,445.91,109622900
2025-11-07,TSLA,TSLA,437.92,429.52,103471500
2025-11-10,TSLA,TSLA,439.6,445.23,76515900
2025-11-11,TSLA,TSLA,439.4,439.62,60533200
2025-11-12,TSLA,TSLA,442.15,430.6,58513500
2025-11-13,TSLA,TSLA,423.13,401.99,118948000
2025-11-14,TSLA,TSLA,386.3,404.35,105506700
2025-11-17,TSLA,TSLA,398.74,408.92,102214300
2025-11-18,TSLA,TSLA,405.38,401.25,80688600
2025-11-19,TSLA,TSLA,406.18,403.99,72047700
2025-11-20,TSLA,TSLA,414.63,395.23,113548800
2025-11-21,TSLA,TSLA,402.32,391.09,100460600
2025-11-24,TSLA,TSLA,402.17,417.78,96806400
2025-11-25,TSLA,TSLA,414.42,419.4,71915600
2025-11-26,TSLA,TSLA,423.95,426.58,63463000
2025-11-28,TSLA,TSLA,426.59,430.17,36252900
2025-12-01,TSLA,TSLA,425.32,430.14,57463600
2025-12-02,TSLA,TSLA,430.81,429.24,69336600
2025-12-03,TSLA,TSLA,432.1,446.74,87483000
2025-12-04,TSLA,TSLA,449.94,454.53,71906500
2025-12-05,TSLA,TSLA,453.03,455.0,56427500
2025-12-08,TSLA,TSLA,447.45,439.58,69165800
2025-12-09,TSLA,TSLA,437.54,445.17,62367400
2025-12-10,TSLA,TSLA,446.07,451.45,63257500
2025-12-11,TSLA,TSLA,448.95,446.89,55979500
2025-12-12,TSLA,TSLA,448.09,458.96,95656700
2025-12-15,TSLA,TSLA,469.44,475.31,114542200
2025-12-16,TSLA,TSLA,472.21,489.88,107608100
2025-12-17,TSLA,TSLA,488.22,467.26,106490400
2025-12-18,TSLA,TSLA,478.16,483.37,95168400
2025-12-19,TSLA,TSLA,488.12,481.2,103305400
2025-12-22,TSLA,TSLA,489.88,488.73,86916100
2025-12-23,TSLA,TSLA,489.4,485.56,58223600
2025-12-24,TSLA,TSLA,488.48,485.4,41285400
2025-12-26,TSLA,TSLA,485.23,475.19,58780700
2025-12-29,TSLA,TSLA,469.0,459.64,66263000
2025-12-30,TSLA,TSLA,461.09,454.43,59238500
2025-12-31,TSLA,TSLA,456.1,449.72,49078000
2026-01-02,TSLA,TSLA,457.8,438.07,85535400
2026-01-05,TSLA,TSLA,447.99,451.67,67940800
2026-01-06,TSLA,TSLA,446.38,432.96,89093800
2026-01-07,TSLA,TSLA,435.9,431.41,59828800
2026-01-08,TSLA,TSLA,427.89,435.8,57041100
2026-01-09,TSLA,TSLA,435.95,445.01,67331500
2026-01-12,TSLA,TSLA,441.23,448.96,61649600
2026-01-13,TSLA,TSLA,450.2,447.2,53719200
2026-01-14,TSLA,TSLA,442.81,439.2,57259500
2026-01-15,TSLA,TSLA,441.13,438.57,49465800
2026-01-16,TSLA,TSLA,439.5,437.5,60220600
2026-01-20,TSLA,TSLA,429.36,419.25,63187300
2026-01-21,TSLA,TSLA,421.66,431.44,68124000
2026-01-22,TSLA,TSLA,435.16,449.36,71546700
2026-01-23,TSLA,TSLA,447.43,449.06,56771400
2026-01-26,TSLA,TSLA,445.0,435.2,49397400
